21,Apr,2013,04:22:01,7.4831,
21,Apr,2013,04:23:01,7.3909,
21,Apr,2013,04:24:01,7.4450,
21,Apr,2013,04:25:02,7.6053,
21,Apr,2013,04:26:01,8.4332,
21,Apr,2013,04:27:02,8.7205,
21,Apr,2013,04:27:20,8.5921,
21,Apr,2013,04:28:01,8.6478,
21,Apr,2013,04:29:01,8.4425,
21,Apr,2013,04:30:01,8.8682,
21,Apr,2013,04:31:01,9.0589,
21,Apr,2013,04:32:01,9.2153,
21,Apr,2013,04:33:02,9.1804,
21,Apr,2013,04:34:02,8.9157,
21,Apr,2013,04:35:01,9.1475,
21,Apr,2013,04:36:01,8.9736,
21,Apr,2013,04:37:02,8.9639,
21,Apr,2013,04:38:02,8.8151,
21,Apr,2013,04:39:02,8.8096,
21,Apr,2013,04:40:01,9.1519,
21,Apr,2013,04:41:02,9.0183,
21,Apr,2013,04:42:01,9.1435,
21,Apr,2013,04:44:03,9.1150,
21,Apr,2013,04:44:03,9.0877,
21,Apr,2013,04:44:37,9.0160,
21,Apr,2013,04:45:02,8.9410,
21,Apr,2013,04:45:37,8.9404,
21,Apr,2013,04:46:02,8.7685,
21,Apr,2013,04:46:38,8.9632,
21,Apr,2013,04:47:02,8.8499,
21,Apr,2013,04:47:36,8.9095,
21,Apr,2013,04:48:03,8.8022,
21,Apr,2013,04:48:39,8.9779,
21,Apr,2013,04:49:02,8.8789,
21,Apr,2013,04:49:36,8.8848,
21,Apr,2013,04:50:02,8.9225,
21,Apr,2013,04:50:36,9.0769,
21,Apr,2013,04:50:41,8.9941,
21,Apr,2013,04:51:02,8.9123,
21,Apr,2013,04:51:38,9.0074,
21,Apr,2013,04:52:02,9.0694,
21,Apr,2013,04:52:36,8.9784,
21,Apr,2013,04:53:02,8.9684,
21,Apr,2013,04:53:37,8.7518,
21,Apr,2013,04:54:01,8.7557,
21,Apr,2013,04:54:45,8.8198,
21,Apr,2013,04:54:44,8.8016,
21,Apr,2013,04:55:03,8.8654,
21,Apr,2013,04:55:10,8.8742,
21,Apr,2013,04:55:41,8.9105,
21,Apr,2013,04:56:02,9.0638,
21,Apr,2013,04:56:41,8.8212,
21,Apr,2013,04:57:02,8.8928,
21,Apr,2013,04:57:45,8.8645,
21,Apr,2013,04:58:02,9.3196,
21,Apr,2013,04:58:39,8.9112,
21,Apr,2013,04:59:02,8.9919,
21,Apr,2013,04:59:41,9.2161,
21,Apr,2013,05:00:01,9.0807,
21,Apr,2013,05:00:42,9.0545,
21,Apr,2013,05:01:02,9.0996,
21,Apr,2013,05:01:46,9.1137,
21,Apr,2013,05:02:03,9.0938,
21,Apr,2013,05:02:43,9.2255,
21,Apr,2013,05:03:03,9.2770,
21,Apr,2013,05:03:46,9.3245,
21,Apr,2013,05:04:03,9.1884,
21,Apr,2013,05:04:41,9.0482,
21,Apr,2013,05:05:02,9.0630,
21,Apr,2013,05:05:45,8.9920,
21,Apr,2013,05:06:02,8.9562,
21,Apr,2013,05:06:43,8.9415,
21,Apr,2013,05:07:04,8.9540,
21,Apr,2013,05:07:46,8.9815,
21,Apr,2013,05:08:06,9.0795,
21,Apr,2013,05:08:46,13.3744,
21,Apr,2013,05:09:05,9.3061,
21,Apr,2013,05:09:46,8.9277,
21,Apr,2013,05:11:02,8.8024,
21,Apr,2013,05:11:44,8.8343,
21,Apr,2013,05:12:01,8.8212,
21,Apr,2013,05:12:42,7.6981,
21,Apr,2013,05:13:02,7.8789,
21,Apr,2013,05:13:46,8.0835,
21,Apr,2013,05:14:06,8.3323,
21,Apr,2013,05:14:46,9.2850,
21,Apr,2013,05:15:06,7.6905,
21,Apr,2013,05:15:46,9.6148,
21,Apr,2013,05:16:05,9.5721,
21,Apr,2013,05:16:45,9.6313,
21,Apr,2013,05:17:05,9.7097,
21,Apr,2013,05:17:51,7.8408,
21,Apr,2013,05:18:03,7.7077,
21,Apr,2013,05:18:44,7.8689,
21,Apr,2013,05:19:04,7.8519,
21,Apr,2013,05:19:47,7.8609,
21,Apr,2013,05:20:01,7.7802,
21,Apr,2013,05:20:42,7.6366,
21,Apr,2013,05:21:03,7.7260,
21,Apr,2013,05:21:47,7.7384,
21,Apr,2013,05:22:02,7.6495,
21,Apr,2013,05:22:43,7.4464,
21,Apr,2013,05:23:03,7.9824,
21,Apr,2013,05:23:47,8.0995,
21,Apr,2013,05:24:02,7.9662,
21,Apr,2013,05:24:43,7.9620,
21,Apr,2013,05:25:03,7.8689,
21,Apr,2013,05:25:44,7.9700,
21,Apr,2013,05:26:04,7.8382,
21,Apr,2013,05:26:41,7.8103,
21,Apr,2013,05:27:02,7.7824,
21,Apr,2013,05:27:47,8.0195,
21,Apr,2013,05:28:02,7.8898,
21,Apr,2013,05:28:43,7.9688,
21,Apr,2013,05:29:02,7.9190,
21,Apr,2013,05:29:46,7.9808,
21,Apr,2013,05:30:02,7.7512,
21,Apr,2013,05:30:43,7.8987,
21,Apr,2013,05:31:03,7.5494,
21,Apr,2013,05:31:54,7.7152,
21,Apr,2013,05:32:02,7.6196,
21,Apr,2013,05:32:44,7.8888,
21,Apr,2013,05:33:03,7.9447,
21,Apr,2013,05:33:41,7.6612,
21,Apr,2013,05:34:01,7.7283,
21,Apr,2013,05:34:41,7.6310,
21,Apr,2013,05:35:02,7.5171,
21,Apr,2013,05:35:42,7.6056,
21,Apr,2013,05:36:03,7.5275,
21,Apr,2013,05:36:45,7.6382,
21,Apr,2013,05:37:05,7.5327,
21,Apr,2013,05:37:50,7.6705,
21,Apr,2013,05:38:03,7.6273,
21,Apr,2013,05:38:50,7.2131,
21,Apr,2013,05:39:04,7.4417,
21,Apr,2013,05:39:51,7.6074,
21,Apr,2013,05:40:09,7.6454,
21,Apr,2013,05:40:37,7.5642,
21,Apr,2013,05:41:02,7.6643,
21,Apr,2013,05:41:30,7.4470,
21,Apr,2013,05:42:02,7.4981,
21,Apr,2013,05:42:30,7.5772,
21,Apr,2013,05:43:02,7.5761,
21,Apr,2013,05:43:32,7.6122,
21,Apr,2013,05:44:08,7.7702,
21,Apr,2013,05:44:35,7.6957,
21,Apr,2013,05:45:02,7.6326,
21,Apr,2013,05:47:00,7.6283,
21,Apr,2013,05:47:47,7.6754,
21,Apr,2013,05:48:05,7.6822,
21,Apr,2013,05:48:48,7.7160,
21,Apr,2013,05:49:02,7.7341,
21,Apr,2013,05:49:43,7.8170,
21,Apr,2013,05:50:02,7.7136,
21,Apr,2013,05:50:46,7.7509,
21,Apr,2013,05:52:02,7.6715,
21,Apr,2013,05:52:46,7.6494,
21,Apr,2013,05:53:03,7.6976,
21,Apr,2013,05:53:45,7.7626,
21,Apr,2013,05:54:02,7.7355,
21,Apr,2013,05:54:48,7.6309,
21,Apr,2013,05:56:03,7.6424,
21,Apr,2013,05:56:50,7.7066,
21,Apr,2013,05:57:03,7.6273,
21,Apr,2013,05:57:44,7.6885,
21,Apr,2013,05:58:02,7.9201,
21,Apr,2013,05:58:49,7.6553,
21,Apr,2013,05:59:04,7.6292,
21,Apr,2013,05:59:47,7.6964,
21,Apr,2013,06:00:04,7.5199,
21,Apr,2013,06:00:56,7.6536,
21,Apr,2013,06:01:03,7.6446,
21,Apr,2013,06:01:52,7.6408,
21,Apr,2013,06:02:03,7.6039,
21,Apr,2013,06:08:35,7.5512,
21,Apr,2013,06:09:02,7.5082,
21,Apr,2013,06:09:20,7.5783,
21,Apr,2013,06:10:05,7.6573,
21,Apr,2013,06:10:46,7.6912,
21,Apr,2013,06:11:02,7.6483,
21,Apr,2013,06:11:46,7.6980,
21,Apr,2013,06:13:03,7.7460,
21,Apr,2013,06:13:57,7.8144,
21,Apr,2013,06:15:02,7.8088,
21,Apr,2013,06:16:02,8.0139,
21,Apr,2013,06:17:02,7.8659,
21,Apr,2013,06:18:02,7.9416,
21,Apr,2013,06:19:02,7.9492,
21,Apr,2013,06:25:06,8.1216,
21,Apr,2013,06:25:16,8.1126,
21,Apr,2013,06:25:49,8.0725,
21,Apr,2013,06:26:03,8.0116,
21,Apr,2013,06:27:07,8.0002,
21,Apr,2013,06:27:45,8.2161,
21,Apr,2013,06:28:06,8.0429,
21,Apr,2013,06:28:43,8.0996,
21,Apr,2013,06:29:02,8.0661,
21,Apr,2013,06:29:54,8.3940,
21,Apr,2013,06:30:04,8.4905,
21,Apr,2013,06:30:45,8.2494,
21,Apr,2013,06:31:03,8.4119,
21,Apr,2013,06:31:45,8.6059,
21,Apr,2013,06:32:05,8.5940,
21,Apr,2013,06:32:48,8.3126,
21,Apr,2013,06:33:02,8.3233,
21,Apr,2013,06:33:42,8.2002,
21,Apr,2013,06:34:03,8.2315,
21,Apr,2013,06:34:47,8.2567,
21,Apr,2013,06:35:05,8.2658,
21,Apr,2013,06:35:49,8.1864,
21,Apr,2013,06:36:03,8.2748,
21,Apr,2013,06:36:43,8.2512,
21,Apr,2013,06:37:01,8.1807,
21,Apr,2013,06:37:40,8.2739,
21,Apr,2013,06:38:06,8.3953,
21,Apr,2013,06:38:46,8.1610,
21,Apr,2013,06:39:02,8.1936,
21,Apr,2013,06:40:02,8.2116,
21,Apr,2013,06:39:46,8.0979,
21,Apr,2013,06:42:02,8.1656,
21,Apr,2013,06:42:46,8.0835,
21,Apr,2013,06:43:04,8.1009,
21,Apr,2013,06:43:46,7.9947,
21,Apr,2013,06:44:02,8.0032,
21,Apr,2013,06:44:44,8.1321,
21,Apr,2013,06:45:01,8.1591,
21,Apr,2013,06:45:45,8.1001,
21,Apr,2013,06:46:02,8.0533,
21,Apr,2013,06:46:43,8.0623,
21,Apr,2013,06:47:03,8.1039,
21,Apr,2013,06:47:52,8.1051,
21,Apr,2013,06:48:04,8.0433,
21,Apr,2013,06:48:44,8.0073,
21,Apr,2013,06:49:02,8.1281,
21,Apr,2013,06:49:45,8.3018,
21,Apr,2013,06:50:02,8.1746,
21,Apr,2013,06:50:48,8.3397,
21,Apr,2013,06:51:03,8.3766,
21,Apr,2013,06:51:49,8.2928,
21,Apr,2013,06:52:02,8.2143,
21,Apr,2013,06:52:43,8.2207,
21,Apr,2013,06:53:02,8.3501,
21,Apr,2013,06:55:58,8.2359,
21,Apr,2013,06:56:06,8.2088,
21,Apr,2013,06:56:45,8.2328,
21,Apr,2013,06:57:05,8.3390,
21,Apr,2013,06:57:51,8.3559,
21,Apr,2013,07:04:57,8.3053,
21,Apr,2013,07:05:07,8.3842,
21,Apr,2013,07:05:40,8.2967,
21,Apr,2013,07:06:04,8.1837,
21,Apr,2013,07:06:41,8.0667,
21,Apr,2013,07:07:04,7.9597,
21,Apr,2013,07:07:54,7.9776,
21,Apr,2013,07:08:03,8.1195,
21,Apr,2013,07:08:49,7.8789,
21,Apr,2013,07:09:02,7.9416,
21,Apr,2013,07:09:46,7.8340,
21,Apr,2013,07:10:05,7.9237,
21,Apr,2013,07:10:51,7.9949,
21,Apr,2013,07:12:02,7.7800,
21,Apr,2013,07:13:02,7.6366,
21,Apr,2013,07:14:03,7.6394,
21,Apr,2013,07:15:05,7.8981,
21,Apr,2013,07:16:02,8.0172,
21,Apr,2013,07:17:02,7.4492,
21,Apr,2013,07:18:04,7.5785,
21,Apr,2013,07:19:02,7.2945,
21,Apr,2013,07:20:07,7.5879,
21,Apr,2013,07:20:33,7.6689,
21,Apr,2013,07:21:02,8.1129,
21,Apr,2013,07:22:02,8.2170,
21,Apr,2013,07:23:05,8.2289,
21,Apr,2013,07:23:59,8.6818,
21,Apr,2013,07:24:03,8.5334,
21,Apr,2013,07:24:57,8.3987,
21,Apr,2013,07:26:00,8.2376,
21,Apr,2013,07:26:03,8.3366,
21,Apr,2013,07:30:33,8.4079,
21,Apr,2013,07:31:21,8.1924,
21,Apr,2013,07:31:34,8.1557,
21,Apr,2013,07:32:02,8.0834,
21,Apr,2013,07:32:20,8.1297,
21,Apr,2013,07:32:44,8.3540,
21,Apr,2013,07:33:02,8.3810,
21,Apr,2013,07:33:50,8.1207,
21,Apr,2013,07:34:06,8.0571,
21,Apr,2013,07:34:52,8.0490,
21,Apr,2013,07:35:06,8.0402,
21,Apr,2013,07:35:57,7.8698,
21,Apr,2013,07:37:05,7.8914,
21,Apr,2013,07:38:04,7.7498,
21,Apr,2013,07:38:54,7.7932,
21,Apr,2013,07:40:05,7.6685,
21,Apr,2013,07:41:04,7.7329,
21,Apr,2013,07:41:13,7.6918,
21,Apr,2013,07:42:16,7.6389,
21,Apr,2013,07:43:05,7.5390,
21,Apr,2013,07:43:48,7.5875,
21,Apr,2013,07:44:02,7.6138,
21,Apr,2013,07:44:46,7.6391,
21,Apr,2013,07:45:05,7.6686,
21,Apr,2013,07:45:47,7.4396,
21,Apr,2013,07:46:06,7.5621,
21,Apr,2013,07:46:52,7.6652,
21,Apr,2013,07:47:10,7.6416,
21,Apr,2013,07:47:55,7.5981,
21,Apr,2013,07:49:01,7.5185,
21,Apr,2013,07:49:47,7.6912,
21,Apr,2013,07:51:02,7.7364,
21,Apr,2013,07:51:47,7.8063,
21,Apr,2013,07:52:02,7.7046,
21,Apr,2013,07:54:48,7.2927,
21,Apr,2013,07:55:31,7.3922,
21,Apr,2013,07:55:44,7.3404,
21,Apr,2013,07:56:04,7.3031,
21,Apr,2013,07:56:48,7.9244,
21,Apr,2013,07:57:02,7.9785,
21,Apr,2013,07:57:43,8.0655,
21,Apr,2013,07:58:05,7.9059,
21,Apr,2013,07:58:49,7.7792,
21,Apr,2013,07:59:05,7.8881,
21,Apr,2013,07:59:54,7.7784,
21,Apr,2013,08:00:09,7.9122,
21,Apr,2013,08:00:52,7.8800,
21,Apr,2013,08:02:02,7.8464,
21,Apr,2013,08:02:45,7.9811,
21,Apr,2013,08:03:04,8.1060,
21,Apr,2013,08:03:48,7.9459,
21,Apr,2013,08:04:03,7.9022,
21,Apr,2013,08:04:54,7.8672,
21,Apr,2013,08:05:03,7.9787,
21,Apr,2013,08:06:02,7.7827,
21,Apr,2013,08:06:50,7.8529,
21,Apr,2013,08:07:02,7.7463,
21,Apr,2013,08:08:01,8.1271,
21,Apr,2013,08:08:43,7.9787,
21,Apr,2013,08:09:06,7.9075,
21,Apr,2013,08:09:48,7.9192,
21,Apr,2013,08:10:02,7.8919,
21,Apr,2013,08:10:44,8.0220,
21,Apr,2013,08:11:06,7.9048,
21,Apr,2013,08:11:50,7.9463,
21,Apr,2013,08:12:02,7.8511,
21,Apr,2013,08:12:46,7.8748,
21,Apr,2013,08:13:06,7.8730,
21,Apr,2013,08:13:50,7.9295,
21,Apr,2013,08:14:02,7.8855,
21,Apr,2013,08:14:49,7.9777,
21,Apr,2013,08:15:04,7.9530,
21,Apr,2013,08:15:47,8.0270,
21,Apr,2013,08:16:02,8.0826,
21,Apr,2013,08:16:45,7.9219,
21,Apr,2013,08:17:02,7.9504,
21,Apr,2013,08:17:49,7.9492,
21,Apr,2013,08:18:02,7.9544,
21,Apr,2013,08:18:50,8.0714,
21,Apr,2013,08:19:02,8.0896,
21,Apr,2013,08:19:45,8.2880,
21,Apr,2013,08:20:04,8.3667,
21,Apr,2013,08:20:46,8.2158,
21,Apr,2013,08:21:03,8.2132,
21,Apr,2013,08:21:46,8.0190,
21,Apr,2013,08:22:02,8.0785,
21,Apr,2013,08:22:50,8.1050,
21,Apr,2013,08:23:03,8.0868,
21,Apr,2013,08:23:49,8.0181,
21,Apr,2013,08:26:02,8.3887,
21,Apr,2013,08:27:02,8.3002,
21,Apr,2013,08:28:02,8.3514,
21,Apr,2013,08:24:02,8.0831,
21,Apr,2013,08:29:02,8.2561,
21,Apr,2013,08:30:06,8.2431,
21,Apr,2013,08:31:05,8.2197,
21,Apr,2013,08:32:02,8.5012,
21,Apr,2013,08:18:03,9.2529,
21,Apr,2013,09:25:24,8.9493,
21,Apr,2013,09:25:51,8.9649,
21,Apr,2013,09:26:10,8.9130,
21,Apr,2013,09:26:56,8.9184,
21,Apr,2013,09:27:07,8.8046,
21,Apr,2013,09:28:02,8.7129,
21,Apr,2013,09:28:58,8.6043,
21,Apr,2013,09:29:08,8.5936,
21,Apr,2013,09:29:52,8.6352,
21,Apr,2013,09:30:02,8.5992,
21,Apr,2013,09:30:50,8.6506,
21,Apr,2013,09:31:03,8.6121,
21,Apr,2013,09:31:48,8.5054,
21,Apr,2013,09:32:05,8.8662,
21,Apr,2013,09:32:56,8.4610,
21,Apr,2013,09:33:03,8.6511,
21,Apr,2013,09:33:50,9.3278,
21,Apr,2013,09:35:02,8.8512,
21,Apr,2013,09:35:51,8.9494,
21,Apr,2013,09:36:04,8.8221,
21,Apr,2013,09:36:55,8.7466,
21,Apr,2013,09:38:02,8.9054,
21,Apr,2013,09:38:46,9.0800,
21,Apr,2013,09:39:02,8.9173,
21,Apr,2013,09:39:45,8.8190,
21,Apr,2013,09:40:06,8.8008,
21,Apr,2013,09:40:51,8.8008,
21,Apr,2013,09:41:02,8.7917,
21,Apr,2013,09:41:47,8.7474,
21,Apr,2013,09:42:02,8.8029,
21,Apr,2013,09:42:50,8.8000,
21,Apr,2013,09:43:02,8.7817,
21,Apr,2013,09:43:49,8.8480,
21,Apr,2013,09:44:02,8.8906,
21,Apr,2013,09:44:49,8.9798,
21,Apr,2013,09:45:02,8.9499,
21,Apr,2013,09:45:51,8.9083,
21,Apr,2013,09:45:57,8.9167,
21,Apr,2013,09:46:03,8.9225,
21,Apr,2013,09:46:49,9.6802,
21,Apr,2013,09:47:03,9.1284,
21,Apr,2013,09:48:56,8.8717,
21,Apr,2013,09:49:37,8.8625,
21,Apr,2013,09:50:02,8.8717,
21,Apr,2013,09:50:47,8.9212,
21,Apr,2013,09:51:02,9.0173,
21,Apr,2013,09:51:46,9.0256,
21,Apr,2013,09:52:02,9.0472,
21,Apr,2013,09:52:46,9.1421,
21,Apr,2013,09:54:02,9.0035,
21,Apr,2013,09:54:51,8.9338,
21,Apr,2013,09:56:02,8.8913,
21,Apr,2013,09:56:49,8.9644,
21,Apr,2013,09:57:02,9.0039,
21,Apr,2013,09:57:45,9.0192,
21,Apr,2013,09:58:03,9.0588,
21,Apr,2013,09:58:45,9.1652,
21,Apr,2013,09:59:04,9.1895,
21,Apr,2013,09:59:43,9.1165,
21,Apr,2013,10:00:01,9.0859,
21,Apr,2013,10:00:43,9.1469,
21,Apr,2013,10:01:02,9.1531,
21,Apr,2013,10:01:42,9.2597,
21,Apr,2013,10:02:02,9.0951,
21,Apr,2013,10:02:45,9.2324,
21,Apr,2013,10:03:02,9.2475,
21,Apr,2013,10:03:43,9.1439,
21,Apr,2013,10:04:01,9.1836,
21,Apr,2013,10:04:47,24.2792,
21,Apr,2013,10:05:02,26.8063,
21,Apr,2013,10:05:43,10.7107,
21,Apr,2013,10:06:00,9.8994,
21,Apr,2013,10:06:45,9.8867,
21,Apr,2013,10:07:05,9.5977,
21,Apr,2013,10:07:45,9.3405,
21,Apr,2013,10:08:03,9.4146,
21,Apr,2013,10:08:42,9.2401,
21,Apr,2013,10:09:03,9.2955,
21,Apr,2013,10:09:43,9.5063,
21,Apr,2013,10:10:01,9.3017,
21,Apr,2013,10:10:44,9.3348,
21,Apr,2013,10:11:02,9.2201,
21,Apr,2013,10:11:43,9.2475,
21,Apr,2013,10:12:00,9.3333,
21,Apr,2013,10:12:44,9.1824,
21,Apr,2013,10:13:06,9.2763,
21,Apr,2013,10:13:45,9.2828,
21,Apr,2013,10:14:03,9.2308,
21,Apr,2013,10:14:44,9.3075,
21,Apr,2013,10:15:05,9.1682,
21,Apr,2013,10:15:47,9.1799,
21,Apr,2013,10:16:02,9.1670,
21,Apr,2013,10:16:49,9.2448,
21,Apr,2013,10:17:03,9.2384,
21,Apr,2013,10:17:45,9.2137,
21,Apr,2013,10:18:04,9.2813,
21,Apr,2013,10:18:48,9.1540,
21,Apr,2013,10:19:02,9.2164,
21,Apr,2013,10:19:44,9.1735,
21,Apr,2013,10:20:02,9.1175,
21,Apr,2013,10:20:47,9.3416,
21,Apr,2013,10:21:04,9.3445,
21,Apr,2013,10:21:43,9.3200,
21,Apr,2013,10:22:02,9.2675,
21,Apr,2013,10:22:48,9.2863,
21,Apr,2013,10:23:02,9.2464,
21,Apr,2013,10:23:44,9.2897,
21,Apr,2013,10:24:03,9.3814,
21,Apr,2013,10:24:46,9.2959,
21,Apr,2013,10:25:03,9.2926,
21,Apr,2013,10:25:42,9.4576,
21,Apr,2013,10:26:02,9.3747,
21,Apr,2013,10:26:47,9.6610,
21,Apr,2013,10:27:02,9.5125,
21,Apr,2013,10:27:43,9.6125,
21,Apr,2013,10:28:01,9.5794,
21,Apr,2013,10:28:40,9.6463,
21,Apr,2013,10:29:02,9.7460,
21,Apr,2013,10:29:45,9.7826,
21,Apr,2013,10:30:03,9.8101,
21,Apr,2013,10:30:42,9.7895,
21,Apr,2013,10:31:02,9.6343,
21,Apr,2013,10:31:48,9.7349,
21,Apr,2013,10:32:02,9.8197,
21,Apr,2013,10:32:43,9.8101,
21,Apr,2013,10:33:03,9.7772,
21,Apr,2013,10:33:46,9.7654,
21,Apr,2013,10:34:02,9.7441,
21,Apr,2013,10:34:43,9.7465,
21,Apr,2013,10:35:03,9.6648,
21,Apr,2013,10:35:46,9.6984,
21,Apr,2013,10:36:02,9.6647,
21,Apr,2013,10:36:43,9.6736,
21,Apr,2013,10:37:03,9.6038,
21,Apr,2013,10:37:47,9.6337,
21,Apr,2013,10:38:06,9.7010,
21,Apr,2013,10:38:43,9.7033,
21,Apr,2013,10:39:04,9.6534,
21,Apr,2013,10:39:49,9.6251,
21,Apr,2013,10:40:03,9.5613,
21,Apr,2013,10:40:43,9.6278,
21,Apr,2013,10:41:03,9.5810,
21,Apr,2013,10:41:44,9.6899,
21,Apr,2013,10:42:03,9.6415,
21,Apr,2013,10:42:41,9.5721,
21,Apr,2013,10:43:02,9.4710,
21,Apr,2013,10:43:43,9.6918,
21,Apr,2013,10:44:02,9.6183,
21,Apr,2013,10:44:45,9.6760,
21,Apr,2013,10:45:05,9.7010,
21,Apr,2013,10:45:48,9.6907,
21,Apr,2013,10:46:02,9.7490,
21,Apr,2013,10:46:43,9.7335,
21,Apr,2013,10:47:02,9.7363,
21,Apr,2013,10:47:47,9.7911,
21,Apr,2013,10:48:06,9.7729,
21,Apr,2013,10:48:46,9.8267,
21,Apr,2013,10:49:03,9.8304,
21,Apr,2013,10:49:41,9.8568,
21,Apr,2013,10:50:02,9.7710,
21,Apr,2013,10:50:41,9.8605,
21,Apr,2013,10:51:02,9.8788,
21,Apr,2013,10:51:42,9.7854,
21,Apr,2013,10:52:02,9.8403,
21,Apr,2013,10:52:40,9.8585,
21,Apr,2013,10:53:02,9.8212,
21,Apr,2013,10:53:41,9.8021,
21,Apr,2013,10:54:02,9.8514,
21,Apr,2013,10:54:41,9.9715,
21,Apr,2013,10:55:02,9.9252,
21,Apr,2013,10:55:45,9.8331,
21,Apr,2013,10:56:04,9.8568,
21,Apr,2013,10:56:45,9.9280,
21,Apr,2013,10:57:02,9.9462,
21,Apr,2013,10:57:41,9.9554,
21,Apr,2013,10:58:02,9.8751,
21,Apr,2013,10:58:48,9.8879,
21,Apr,2013,10:59:02,9.9034,
21,Apr,2013,10:59:44,9.9048,
21,Apr,2013,11:00:04,10.0030,
21,Apr,2013,11:00:50,9.9384,
21,Apr,2013,11:02:02,9.9133,
21,Apr,2013,11:02:47,9.9845,
21,Apr,2013,11:03:04,9.9691,
21,Apr,2013,11:03:46,9.9691,
21,Apr,2013,11:04:05,9.9475,
21,Apr,2013,11:04:48,9.9224,
21,Apr,2013,11:05:02,9.9378,
21,Apr,2013,11:05:43,9.9326,
21,Apr,2013,11:06:03,9.9475,
21,Apr,2013,11:06:46,9.9230,
21,Apr,2013,11:07:06,9.8676,
21,Apr,2013,11:07:46,9.9006,
21,Apr,2013,11:08:04,9.9498,
21,Apr,2013,11:08:42,9.8386,
21,Apr,2013,11:09:02,9.8423,
21,Apr,2013,11:09:40,9.8933,
21,Apr,2013,11:10:02,9.8180,
21,Apr,2013,11:10:48,9.8713,
21,Apr,2013,11:11:02,9.8732,
21,Apr,2013,11:11:42,9.9815,
21,Apr,2013,11:12:03,9.9084,
21,Apr,2013,11:12:47,9.9421,
21,Apr,2013,11:13:02,9.9695,
21,Apr,2013,11:13:43,9.9421,
21,Apr,2013,11:14:02,9.8842,
21,Apr,2013,11:16:02,9.8964,
21,Apr,2013,11:16:43,9.8536,
21,Apr,2013,11:17:05,9.8648,
21,Apr,2013,11:17:45,9.7593,
21,Apr,2013,11:18:05,9.7854,
21,Apr,2013,11:18:49,9.8531,
21,Apr,2013,11:19:02,9.8128,
21,Apr,2013,11:19:43,9.7841,
21,Apr,2013,11:20:02,9.7633,
21,Apr,2013,11:20:43,9.8089,
21,Apr,2013,11:21:04,9.6832,
21,Apr,2013,11:21:46,9.6176,
21,Apr,2013,11:22:05,9.6018,
21,Apr,2013,11:22:50,9.5610,
21,Apr,2013,11:23:02,9.5428,
21,Apr,2013,11:23:43,9.6510,
21,Apr,2013,11:24:02,9.5246,
21,Apr,2013,11:24:49,9.5246,
21,Apr,2013,11:25:02,9.5903,
21,Apr,2013,11:25:43,9.4928,
21,Apr,2013,11:26:03,9.3814,
21,Apr,2013,11:26:44,9.5483,
21,Apr,2013,11:27:02,9.5796,
21,Apr,2013,11:27:42,9.4191,
21,Apr,2013,11:28:02,9.4556,
21,Apr,2013,11:28:44,9.4422,
21,Apr,2013,11:29:04,9.5011,
21,Apr,2013,11:29:45,9.5430,
21,Apr,2013,11:30:04,9.5649,
21,Apr,2013,11:30:50,9.6415,
21,Apr,2013,11:31:02,9.6479,
21,Apr,2013,11:31:42,9.6360,
21,Apr,2013,11:32:02,9.6142,
21,Apr,2013,11:32:47,9.5419,
21,Apr,2013,11:33:02,9.6197,
21,Apr,2013,11:33:43,9.6304,
21,Apr,2013,11:34:03,9.6524,
21,Apr,2013,11:34:46,9.5940,
21,Apr,2013,11:35:05,9.5719,
21,Apr,2013,11:35:42,9.7109,
21,Apr,2013,11:36:02,9.6851,
21,Apr,2013,11:36:49,9.6616,
21,Apr,2013,11:37:02,9.7018,
21,Apr,2013,11:37:42,9.6357,
21,Apr,2013,11:38:02,9.6041,
21,Apr,2013,11:38:45,9.9055,
21,Apr,2013,11:39:04,9.7769,
21,Apr,2013,11:39:43,9.7744,
21,Apr,2013,11:40:02,9.7159,
21,Apr,2013,11:40:47,9.8230,
21,Apr,2013,11:41:02,9.8047,
21,Apr,2013,11:41:48,9.7153,
21,Apr,2013,11:42:01,9.7181,
21,Apr,2013,11:42:47,9.6976,
21,Apr,2013,11:43:01,9.7773,
21,Apr,2013,11:43:42,9.6872,
21,Apr,2013,11:44:02,9.7237,
21,Apr,2013,11:44:43,9.7446,
21,Apr,2013,11:45:02,9.7966,
21,Apr,2013,11:45:43,9.7291,
21,Apr,2013,11:46:03,9.8408,
21,Apr,2013,11:46:47,9.8037,
21,Apr,2013,11:47:02,9.7398,
21,Apr,2013,11:47:42,9.8383,
21,Apr,2013,11:48:02,9.9421,
21,Apr,2013,11:48:42,9.9451,
21,Apr,2013,11:49:04,9.9784,
21,Apr,2013,11:49:44,9.8598,
21,Apr,2013,11:50:02,9.7433,
21,Apr,2013,11:50:46,9.7620,
21,Apr,2013,11:51:01,9.7682,
21,Apr,2013,11:51:41,9.7587,
21,Apr,2013,11:52:02,9.6816,
21,Apr,2013,11:52:43,9.6970,
21,Apr,2013,11:53:04,9.7153,
21,Apr,2013,11:53:45,9.7558,
21,Apr,2013,11:54:05,9.6999,
21,Apr,2013,11:54:45,9.7341,
21,Apr,2013,11:55:03,9.7587,
21,Apr,2013,11:55:42,9.8172,
21,Apr,2013,11:56:02,9.9840,
21,Apr,2013,11:56:44,9.8476,
21,Apr,2013,11:57:04,9.8568,
21,Apr,2013,11:57:45,9.8171,
21,Apr,2013,11:58:04,9.9025,
21,Apr,2013,11:58:46,9.8750,
21,Apr,2013,11:59:05,9.9025,
21,Apr,2013,11:59:45,9.8230,
21,Apr,2013,12:00:05,9.8197,
21,Apr,2013,12:00:52,9.8566,
21,Apr,2013,12:01:02,9.9177,
21,Apr,2013,12:01:42,9.9601,
21,Apr,2013,12:02:02,9.8781,
21,Apr,2013,12:02:42,9.9054,
21,Apr,2013,12:03:02,9.8902,
21,Apr,2013,12:03:45,9.8653,
21,Apr,2013,12:04:04,9.8745,
21,Apr,2013,12:04:47,9.9143,
21,Apr,2013,12:05:02,9.9052,
21,Apr,2013,12:05:43,9.8836,
21,Apr,2013,12:06:03,9.9052,
21,Apr,2013,12:06:47,9.9664,
21,Apr,2013,12:07:01,9.9541,
21,Apr,2013,12:07:41,9.9479,
21,Apr,2013,12:08:02,9.9019,
21,Apr,2013,12:08:47,9.9207,
21,Apr,2013,12:09:05,9.9420,
21,Apr,2013,12:09:43,10.0516,
21,Apr,2013,12:10:02,10.0973,
21,Apr,2013,12:10:44,9.9634,
21,Apr,2013,12:11:02,10.0027,
21,Apr,2013,12:11:42,10.1815,
21,Apr,2013,12:12:02,10.1638,
21,Apr,2013,12:12:50,10.1248,
21,Apr,2013,12:13:02,10.1401,
21,Apr,2013,12:13:41,10.0761,
21,Apr,2013,12:14:02,10.0853,
21,Apr,2013,12:14:41,10.1158,
21,Apr,2013,12:15:02,10.0944,
21,Apr,2013,12:15:44,10.0605,
21,Apr,2013,12:16:04,10.1277,
21,Apr,2013,12:16:48,10.0192,
21,Apr,2013,12:17:02,9.9754,
21,Apr,2013,12:17:42,10.0466,
21,Apr,2013,12:18:02,10.0558,
21,Apr,2013,12:18:47,10.0183,
21,Apr,2013,12:19:02,10.0740,
21,Apr,2013,12:19:43,10.1176,
21,Apr,2013,12:20:04,10.1028,
21,Apr,2013,12:20:45,10.0685,
21,Apr,2013,12:21:02,10.0220,
21,Apr,2013,12:21:41,10.1028,
21,Apr,2013,12:22:02,10.1427,
21,Apr,2013,12:22:44,10.1249,
21,Apr,2013,12:23:02,10.1188,
21,Apr,2013,12:23:42,10.0121,
21,Apr,2013,12:24:03,10.0548,
21,Apr,2013,12:24:45,10.1339,
21,Apr,2013,12:25:03,10.0944,
21,Apr,2013,12:25:42,10.1459,
21,Apr,2013,12:26:02,10.1522,
21,Apr,2013,12:26:41,10.1481,
21,Apr,2013,12:27:02,10.0910,
21,Apr,2013,12:27:44,10.3002,
21,Apr,2013,12:28:04,10.3264,
21,Apr,2013,12:28:50,10.1845,
21,Apr,2013,12:29:02,10.1730,
21,Apr,2013,12:29:44,10.1993,
21,Apr,2013,12:30:04,10.2097,
21,Apr,2013,12:30:47,10.1682,
21,Apr,2013,12:31:01,10.1383,
21,Apr,2013,12:31:42,10.1774,
21,Apr,2013,12:32:03,10.1866,
21,Apr,2013,12:32:43,10.0722,
21,Apr,2013,12:33:02,10.1065,
21,Apr,2013,12:33:43,10.1832,
21,Apr,2013,12:34:02,10.1386,
21,Apr,2013,12:34:43,10.1888,
21,Apr,2013,12:35:04,10.0722,
21,Apr,2013,12:35:44,10.0356,
21,Apr,2013,12:36:04,10.0928,
21,Apr,2013,12:36:49,10.0916,
21,Apr,2013,12:37:06,9.9984,
21,Apr,2013,12:37:47,9.9683,
21,Apr,2013,12:38:01,9.9958,
21,Apr,2013,12:38:42,10.0232,
21,Apr,2013,12:39:02,9.9840,
21,Apr,2013,12:39:43,10.0790,
21,Apr,2013,12:40:03,10.0017,
21,Apr,2013,12:40:50,10.0641,
21,Apr,2013,12:41:03,10.1157,
21,Apr,2013,12:41:44,10.0858,
21,Apr,2013,12:42:04,10.0375,
21,Apr,2013,12:42:46,10.2142,
21,Apr,2013,12:43:02,10.1180,
21,Apr,2013,12:43:45,10.1008,
21,Apr,2013,12:44:04,10.1523,
21,Apr,2013,12:44:45,10.0983,
21,Apr,2013,12:45:04,10.0480,
21,Apr,2013,12:45:43,10.0625,
21,Apr,2013,12:46:03,10.0690,
21,Apr,2013,12:46:46,10.0938,
21,Apr,2013,12:47:04,10.1056,
21,Apr,2013,12:47:43,10.3013,
21,Apr,2013,12:48:03,10.3013,
21,Apr,2013,12:48:44,10.3757,
21,Apr,2013,12:49:05,10.3769,
21,Apr,2013,12:49:47,10.2463,
21,Apr,2013,12:50:02,10.2463,
21,Apr,2013,12:50:42,10.2783,
21,Apr,2013,12:52:28,10.1944,
21,Apr,2013,12:53:02,10.2665,
21,Apr,2013,12:53:21,10.2547,
21,Apr,2013,12:53:42,10.1550,
21,Apr,2013,12:54:02,10.2127,
21,Apr,2013,12:54:52,10.1459,
21,Apr,2013,12:55:06,10.1065,
21,Apr,2013,12:55:43,10.2531,
21,Apr,2013,12:56:02,10.3471,
21,Apr,2013,12:56:49,10.2531,
21,Apr,2013,12:57:02,10.3013,
21,Apr,2013,12:57:44,10.3884,
21,Apr,2013,12:58:04,10.4272,
21,Apr,2013,12:58:46,10.4059,
21,Apr,2013,12:59:05,10.4353,
21,Apr,2013,12:59:43,10.4131,
21,Apr,2013,13:00:02,10.3722,
21,Apr,2013,13:00:45,10.6611,
21,Apr,2013,13:02:02,10.4456,
21,Apr,2013,13:02:51,10.4660,
21,Apr,2013,13:04:02,10.5140,
21,Apr,2013,13:04:45,10.5232,
21,Apr,2013,13:05:04,10.4936,
21,Apr,2013,13:05:43,10.5749,
21,Apr,2013,13:06:05,10.5252,
21,Apr,2013,13:06:47,10.5638,
21,Apr,2013,13:07:02,10.6116,
21,Apr,2013,13:07:43,10.6077,
21,Apr,2013,13:08:02,10.6241,
21,Apr,2013,13:08:46,10.6445,
21,Apr,2013,13:09:02,10.6389,
21,Apr,2013,13:09:43,10.6336,
21,Apr,2013,13:10:02,10.6189,
21,Apr,2013,13:10:49,10.6445,
21,Apr,2013,13:11:02,10.6611,
21,Apr,2013,13:11:46,10.6740,
21,Apr,2013,13:12:05,10.6300,
21,Apr,2013,13:12:49,10.7034,
21,Apr,2013,13:13:02,10.6648,
21,Apr,2013,13:13:43,10.7034,
21,Apr,2013,13:14:03,10.6795,
21,Apr,2013,13:14:41,10.7273,
21,Apr,2013,13:15:02,10.7511,
21,Apr,2013,13:15:45,10.7346,
21,Apr,2013,13:16:04,10.7511,
21,Apr,2013,13:16:43,10.7438,
21,Apr,2013,13:17:02,10.7179,
21,Apr,2013,13:17:48,10.7326,
21,Apr,2013,13:18:03,10.7438,
21,Apr,2013,13:18:43,10.7087,
21,Apr,2013,13:19:02,10.7362,
21,Apr,2013,13:19:44,10.7585,
21,Apr,2013,13:20:02,10.7585,
21,Apr,2013,13:20:43,10.7566,
21,Apr,2013,13:21:03,10.7454,
21,Apr,2013,13:21:44,10.8096,
21,Apr,2013,13:22:02,10.6943,
21,Apr,2013,13:22:42,10.5994,
21,Apr,2013,13:23:02,10.6026,
21,Apr,2013,13:23:47,10.5788,
21,Apr,2013,13:24:02,10.6484,
21,Apr,2013,13:24:43,10.6602,
21,Apr,2013,13:25:02,10.6033,
21,Apr,2013,13:25:43,10.3345,
21,Apr,2013,13:26:01,10.3652,
21,Apr,2013,13:26:42,10.4266,
21,Apr,2013,13:27:02,10.5485,
21,Apr,2013,13:27:44,10.4142,
21,Apr,2013,13:28:05,10.4142,
21,Apr,2013,13:28:45,10.4383,
21,Apr,2013,13:29:05,10.4782,
21,Apr,2013,13:29:49,10.6305,
21,Apr,2013,13:30:03,10.7411,
21,Apr,2013,13:30:46,10.7595,
21,Apr,2013,13:31:05,10.7295,
21,Apr,2013,13:31:48,10.7178,
21,Apr,2013,13:32:03,10.6785,
21,Apr,2013,13:32:44,10.7778,
21,Apr,2013,13:33:03,11.1514,
21,Apr,2013,13:33:55,10.8101,
21,Apr,2013,13:34:06,10.8009,
21,Apr,2013,13:34:34,10.8009,
21,Apr,2013,13:35:02,10.9568,
21,Apr,2013,13:35:29,11.1325,
21,Apr,2013,13:36:02,10.6995,
21,Apr,2013,13:36:30,10.4571,
21,Apr,2013,13:37:02,10.6785,
21,Apr,2013,13:37:29,10.5851,
21,Apr,2013,13:38:02,10.7302,
21,Apr,2013,13:38:47,10.5851,
21,Apr,2013,13:40:02,10.3436,
21,Apr,2013,13:40:49,10.1835,
21,Apr,2013,13:41:02,10.1014,
21,Apr,2013,13:41:46,10.0311,
21,Apr,2013,13:42:06,10.2894,
21,Apr,2013,13:42:49,10.2680,
21,Apr,2013,13:43:02,10.1787,
21,Apr,2013,13:43:44,10.7879,
21,Apr,2013,13:44:04,10.7695,
21,Apr,2013,13:44:48,11.2169,
21,Apr,2013,13:45:02,11.1604,
21,Apr,2013,13:45:43,11.7912,
21,Apr,2013,13:46:02,11.3232,
21,Apr,2013,13:46:48,11.1730,
21,Apr,2013,13:47:06,11.1071,
21,Apr,2013,13:47:47,11.9118,
21,Apr,2013,13:48:02,11.2858,
21,Apr,2013,13:48:42,10.9524,
21,Apr,2013,13:49:02,11.7671,
21,Apr,2013,13:49:44,11.8837,
21,Apr,2013,13:50:06,10.1592,
15,May,2013,11:59:46,9.9862,
15,May,2013,12:00:21,10.3047,
15,May,2013,12:05:10,9.7655,
15,May,2013,12:10:16,9.3369,
15,May,2013,12:15:22,9.2071,
15,May,2013,12:18:01,9.1996,
15,May,2013,12:18:34,9.1996,
15,May,2013,12:19:02,9.2592,
15,May,2013,12:19:35,9.4349,
15,May,2013,12:20:02,9.9911,
15,May,2013,12:20:36,10.2408,
15,May,2013,12:21:02,10.2135,
15,May,2013,12:21:35,10.4914,
15,May,2013,12:22:02,10.3861,
15,May,2013,12:22:38,10.4076,
15,May,2013,12:23:02,10.2361,
15,May,2013,12:23:35,10.2361,
15,May,2013,12:24:02,10.0813,
15,May,2013,12:24:35,9.9310,
15,May,2013,12:25:02,9.8686,
15,May,2013,12:25:35,9.7615,
15,May,2013,12:26:02,9.6700,
15,May,2013,12:26:35,9.6445,
15,May,2013,12:27:02,9.5620,
15,May,2013,12:27:35,9.5457,
15,May,2013,12:28:02,9.5014,
15,May,2013,12:28:35,9.4076,
15,May,2013,12:29:02,9.3648,
15,May,2013,12:29:35,9.2332,
15,May,2013,12:30:02,9.2257,
15,May,2013,12:30:37,9.1384,
15,May,2013,12:31:02,9.0529,
15,May,2013,12:31:35,9.1273,
15,May,2013,12:32:02,9.0865,
15,May,2013,12:32:35,9.0586,
15,May,2013,12:33:02,9.0549,
15,May,2013,12:33:35,9.1218,
15,May,2013,12:34:02,9.0586,
15,May,2013,12:34:35,9.0531,
15,May,2013,12:35:02,9.0827,
15,May,2013,12:35:36,9.0865,
15,May,2013,12:36:02,9.0158,
15,May,2013,12:36:35,8.9972,
15,May,2013,12:37:02,9.0047,
15,May,2013,12:37:35,9.0475,
15,May,2013,12:38:02,8.9899,
15,May,2013,12:38:35,9.0252,
15,May,2013,12:39:02,8.9769,
15,May,2013,12:39:35,9.0122,
15,May,2013,12:40:02,9.0920,
15,May,2013,12:40:36,9.2526,
15,May,2013,12:41:02,9.4940,
15,May,2013,12:41:35,9.7641,
15,May,2013,12:42:02,10.1156,
15,May,2013,12:42:35,10.2129,
15,May,2013,12:43:02,10.2464,
15,May,2013,12:43:34,10.1077,
15,May,2013,12:44:02,10.0458,
15,May,2013,12:44:35,10.0310,
15,May,2013,12:45:02,9.9196,
15,May,2013,12:45:36,9.9009,
15,May,2013,12:46:02,9.8042,
15,May,2013,12:46:35,9.7386,
15,May,2013,12:47:02,9.7255,
15,May,2013,12:47:35,9.8355,
15,May,2013,12:48:02,9.5558,
15,May,2013,12:48:35,9.5499,
15,May,2013,12:49:01,9.5659,
15,May,2013,12:49:35,9.4339,
15,May,2013,12:50:02,9.3991,
15,May,2013,12:50:36,9.3839,
15,May,2013,12:51:01,9.3864,
15,May,2013,12:51:35,9.4813,
15,May,2013,12:52:02,9.3888,
15,May,2013,12:52:35,9.3097,
15,May,2013,12:53:02,9.3795,
15,May,2013,12:53:35,9.2233,
15,May,2013,12:54:02,9.2512,
15,May,2013,12:54:35,9.1995,
15,May,2013,12:55:02,9.1812,
15,May,2013,12:55:35,9.0511,
15,May,2013,12:56:02,9.1050,
15,May,2013,12:56:35,9.0511,
15,May,2013,12:57:02,9.2181,
15,May,2013,12:57:35,9.1329,
15,May,2013,12:58:02,9.0229,
15,May,2013,12:58:35,9.0993,
15,May,2013,12:59:01,9.0469,
15,May,2013,12:59:34,9.1291,
15,May,2013,13:00:02,9.2589,
15,May,2013,13:00:36,9.4074,
15,May,2013,13:01:02,9.6729,
15,May,2013,13:01:35,9.8263,
15,May,2013,13:02:01,10.0912,
15,May,2013,13:02:34,10.1400,
15,May,2013,13:03:02,10.3376,
15,May,2013,13:03:35,10.3509,
15,May,2013,13:04:02,10.5231,
15,May,2013,13:04:35,10.6090,
15,May,2013,13:05:01,10.7058,
15,May,2013,13:05:35,10.7434,
15,May,2013,13:06:02,10.7576,
15,May,2013,13:06:35,10.7834,
15,May,2013,13:07:02,10.8539,
15,May,2013,13:07:34,10.9340,
15,May,2013,13:08:02,10.9622,
15,May,2013,13:08:35,10.9575,
15,May,2013,13:09:01,10.9551,
15,May,2013,13:09:34,10.9454,
15,May,2013,13:10:02,10.9523,
15,May,2013,13:10:35,10.9024,
15,May,2013,13:11:01,10.9756,
15,May,2013,13:11:35,11.0086,
15,May,2013,13:12:02,10.9230,
15,May,2013,13:12:35,10.9511,
15,May,2013,13:13:02,10.9408,
15,May,2013,13:13:35,10.8261,
15,May,2013,13:14:01,10.8782,
15,May,2013,13:14:34,10.8863,
15,May,2013,13:15:02,10.8902,
15,May,2013,13:15:35,10.7557,
15,May,2013,13:16:02,10.7866,
15,May,2013,13:16:35,10.8241,
15,May,2013,13:17:02,10.7725,
15,May,2013,13:17:35,10.8006,
15,May,2013,13:18:02,10.7668,
15,May,2013,13:18:35,10.7271,
15,May,2013,13:19:02,10.7242,
15,May,2013,13:19:35,10.6846,
15,May,2013,13:20:01,10.7093,
15,May,2013,13:20:36,10.7467,
15,May,2013,13:21:02,10.7127,
15,May,2013,13:21:34,10.7440,
15,May,2013,13:22:02,10.7657,
15,May,2013,13:22:35,10.7472,
15,May,2013,13:23:02,10.7224,
15,May,2013,13:23:35,10.6882,
15,May,2013,13:24:02,10.6539,
15,May,2013,13:24:35,10.6663,
15,May,2013,13:25:02,10.6381,
15,May,2013,13:25:35,10.6943,
15,May,2013,13:26:01,10.7036,
15,May,2013,13:26:34,10.7036,
15,May,2013,13:27:02,10.6722,
15,May,2013,13:27:35,10.6187,
15,May,2013,13:28:02,10.6154,
15,May,2013,13:28:35,10.5995,
15,May,2013,13:29:01,10.6368,
15,May,2013,13:29:34,10.6301,
15,May,2013,13:30:02,10.5515,
15,May,2013,13:30:35,10.5667,
15,May,2013,13:31:01,10.6328,
15,May,2013,13:31:35,10.4775,
15,May,2013,13:32:02,10.4577,
15,May,2013,13:32:35,10.4914,
15,May,2013,13:33:02,10.4891,
15,May,2013,13:33:35,10.5658,
15,May,2013,13:34:02,10.5903,
15,May,2013,13:34:35,10.6378,
15,May,2013,13:35:01,10.5706,
15,May,2013,13:35:35,10.6427,
15,May,2013,13:36:02,10.5950,
15,May,2013,13:36:35,10.5950,
15,May,2013,13:37:02,10.5915,
15,May,2013,13:37:35,10.6299,
15,May,2013,13:38:02,10.6427,
15,May,2013,13:38:38,10.6195,
15,May,2013,13:39:02,10.6031,
15,May,2013,13:39:35,10.5867,
15,May,2013,13:40:02,10.7079,
15,May,2013,13:40:35,10.6203,
15,May,2013,13:41:02,10.6261,
15,May,2013,13:41:35,10.6633,
15,May,2013,13:42:02,10.6633,
15,May,2013,13:42:34,10.6891,
15,May,2013,13:43:02,10.7356,
15,May,2013,13:43:35,10.7191,
15,May,2013,13:44:02,10.6674,
15,May,2013,13:44:35,10.6397,
15,May,2013,13:45:01,10.6248,
15,May,2013,13:45:35,10.6434,
15,May,2013,13:46:02,10.6601,
15,May,2013,13:46:34,10.6619,
15,May,2013,13:47:01,10.6172,
15,May,2013,13:47:35,10.6134,
15,May,2013,13:48:02,10.5648,
15,May,2013,13:48:34,10.6150,
15,May,2013,13:49:01,10.6505,
15,May,2013,13:49:34,10.6543,
15,May,2013,13:50:02,10.6898,
15,May,2013,13:50:36,10.6784,
15,May,2013,13:51:02,10.6877,
15,May,2013,13:51:35,10.6367,
15,May,2013,13:52:01,10.6909,
15,May,2013,13:52:34,10.6816,
15,May,2013,13:53:02,10.6592,
15,May,2013,13:53:35,10.7280,
15,May,2013,13:54:02,10.6924,
15,May,2013,13:54:35,10.7110,
15,May,2013,13:55:02,10.6939,
15,May,2013,13:55:36,10.7032,
15,May,2013,13:56:02,10.7257,
15,May,2013,13:56:35,10.7481,
15,May,2013,13:57:02,10.7535,
15,May,2013,13:57:35,10.7324,
15,May,2013,13:58:02,10.7682,
15,May,2013,13:58:35,10.7603,
15,May,2013,13:59:01,10.7470,
15,May,2013,13:59:35,10.7338,
15,May,2013,14:00:02,10.7351,
15,May,2013,14:00:36,10.7351,
15,May,2013,14:01:02,10.7629,
15,May,2013,14:01:35,10.8000,
15,May,2013,14:02:02,10.8080,
15,May,2013,14:02:35,10.8093,
15,May,2013,14:03:02,10.8053,
15,May,2013,14:03:35,10.7838,
15,May,2013,14:04:02,10.7879,
15,May,2013,14:04:32,10.8116,
15,May,2013,14:05:02,10.8302,
15,May,2013,14:05:31,10.8395,
15,May,2013,14:06:02,10.8313,
15,May,2013,14:06:31,10.8231,
15,May,2013,14:07:01,10.8684,
15,May,2013,14:07:30,10.8364,
15,May,2013,14:08:02,10.8858,
15,May,2013,14:08:31,10.9125,
15,May,2013,14:09:02,10.9415,
15,May,2013,14:09:31,10.8776,
15,May,2013,14:10:01,10.9147,
15,May,2013,14:10:32,10.9188,
15,May,2013,14:11:02,10.9867,
15,May,2013,14:11:31,10.9786,
15,May,2013,14:12:02,10.9611,
15,May,2013,14:12:31,10.9250,
15,May,2013,14:13:02,10.9662,
15,May,2013,14:13:31,10.9704,
15,May,2013,14:14:02,10.9538,
15,May,2013,14:14:31,10.9714,
15,May,2013,14:15:02,11.0516,
15,May,2013,14:15:32,10.9816,
15,May,2013,14:16:02,11.0311,
15,May,2013,14:16:31,11.1872,
15,May,2013,14:17:02,11.2057,
15,May,2013,14:17:31,11.0816,
15,May,2013,14:17:49,11.1125,
15,May,2013,14:17:55,11.1803,
15,May,2013,14:18:01,11.1722,
15,May,2013,14:18:02,11.1588,
15,May,2013,14:18:31,11.1629,
15,May,2013,14:19:01,11.1135,
15,May,2013,14:19:31,11.0557,
15,May,2013,14:20:01,11.0659,
15,May,2013,14:20:31,10.2309,
15,May,2013,14:21:01,10.2768,
15,May,2013,14:21:31,10.2220,
15,May,2013,14:22:02,10.3138,
15,May,2013,14:22:32,10.2867,
15,May,2013,14:23:02,10.1754,
15,May,2013,14:23:30,10.2867,
15,May,2013,14:24:02,10.2355,
15,May,2013,14:24:31,10.1844,
15,May,2013,14:25:02,11.2415,
15,May,2013,14:25:32,10.5426,
15,May,2013,14:26:02,12.0449,
15,May,2013,14:26:31,11.8110,
15,May,2013,14:27:02,11.8708,
15,May,2013,14:27:31,11.8938,
15,May,2013,14:28:01,11.8846,
15,May,2013,14:28:30,11.8473,
15,May,2013,14:29:02,11.8380,
15,May,2013,14:29:31,11.8058,
15,May,2013,14:30:01,11.7873,
15,May,2013,14:30:32,11.6165,
15,May,2013,14:31:01,11.5658,
15,May,2013,14:31:31,11.4136,
15,May,2013,14:32:02,11.3580,
15,May,2013,14:32:31,11.2933,
15,May,2013,14:33:01,11.2100,
15,May,2013,14:33:30,11.2002,
15,May,2013,14:34:02,11.1906,
15,May,2013,14:34:30,11.1170,
15,May,2013,14:35:28,9.8402,
15,May,2013,14:36:02,10.2301,
15,May,2013,14:36:31,10.1094,
15,May,2013,14:37:02,10.0826,
15,May,2013,14:37:31,10.1666,
15,May,2013,14:38:01,9.9900,
15,May,2013,14:38:30,10.1201,
15,May,2013,14:39:02,9.9707,
15,May,2013,14:39:31,9.8785,
15,May,2013,14:40:01,9.8974,
15,May,2013,14:40:32,9.7668,
15,May,2013,14:41:02,9.8043,
15,May,2013,14:41:31,9.6550,
15,May,2013,14:42:02,9.7766,
15,May,2013,14:42:31,9.7017,
15,May,2013,14:43:02,9.8004,
15,May,2013,14:43:31,9.7195,
15,May,2013,14:44:02,9.5882,
15,May,2013,14:44:31,9.6543,
15,May,2013,14:45:02,9.4861,
15,May,2013,14:45:32,9.5706,
15,May,2013,14:46:01,9.5514,
15,May,2013,14:46:31,9.4759,
15,May,2013,14:47:01,9.5430,
15,May,2013,14:47:31,9.7776,
15,May,2013,14:48:02,10.1385,
15,May,2013,14:48:31,10.6649,
15,May,2013,14:49:02,10.7059,
15,May,2013,14:49:31,10.9330,
15,May,2013,14:50:01,11.0766,
15,May,2013,14:50:32,11.2246,
15,May,2013,14:51:02,11.2946,
15,May,2013,14:51:32,11.4529,
15,May,2013,14:52:02,11.5106,
15,May,2013,14:52:31,11.5285,
15,May,2013,14:53:02,11.5334,
15,May,2013,14:53:31,11.5066,
15,May,2013,14:54:01,11.4774,
15,May,2013,14:54:30,11.5439,
15,May,2013,14:55:01,11.4687,
15,May,2013,14:55:31,11.4262,
15,May,2013,14:56:02,11.3872,
15,May,2013,14:56:31,11.3668,
15,May,2013,14:57:02,11.3293,
15,May,2013,14:57:31,11.1738,
15,May,2013,14:58:02,11.0452,
15,May,2013,14:58:31,10.9507,
15,May,2013,14:59:02,10.8879,
15,May,2013,14:59:32,10.7424,
15,May,2013,15:00:01,10.7433,
15,May,2013,15:00:34,10.5880,
15,May,2013,15:01:02,10.6522,
15,May,2013,15:01:34,10.6549,
15,May,2013,15:02:02,10.5966,
15,May,2013,15:02:33,10.5603,
15,May,2013,15:03:02,10.5195,
15,May,2013,15:03:31,10.4509,
15,May,2013,15:04:02,10.4504,
15,May,2013,15:04:31,10.4776,
15,May,2013,15:05:02,10.4417,
15,May,2013,15:05:31,10.3915,
15,May,2013,15:06:02,10.2816,
15,May,2013,15:06:31,10.2496,
15,May,2013,15:07:02,10.1021,
15,May,2013,15:07:31,10.0513,
15,May,2013,15:08:02,10.1113,
15,May,2013,15:08:31,9.9727,
15,May,2013,15:09:02,10.0098,
15,May,2013,15:09:31,9.8526,
15,May,2013,15:10:02,9.9913,
15,May,2013,15:10:32,10.0098,
15,May,2013,15:11:02,9.9404,
15,May,2013,15:11:31,9.9636,
15,May,2013,15:12:01,10.0833,
15,May,2013,15:12:31,9.8384,
15,May,2013,15:13:01,9.7688,
15,May,2013,15:13:31,9.8990,
15,May,2013,15:14:02,9.9267,
15,May,2013,15:14:31,9.8990,
15,May,2013,15:15:02,10.2561,
15,May,2013,15:15:32,10.5387,
15,May,2013,15:16:02,10.5919,
15,May,2013,15:16:31,10.8683,
15,May,2013,15:17:01,10.9594,
15,May,2013,15:17:31,10.9799,
15,May,2013,15:18:02,10.8608,
15,May,2013,15:18:31,10.8849,
15,May,2013,15:19:01,10.8565,
15,May,2013,15:19:30,10.6701,
15,May,2013,15:20:01,10.6608,
15,May,2013,15:20:31,10.4986,
15,May,2013,15:21:02,10.6927,
15,May,2013,15:21:31,10.5048,
15,May,2013,15:22:01,10.4292,
15,May,2013,15:22:30,10.4738,
15,May,2013,15:23:01,10.3302,
15,May,2013,15:23:30,10.2942,
15,May,2013,15:24:02,10.2443,
15,May,2013,15:24:31,10.1894,
15,May,2013,15:25:02,10.0790,
15,May,2013,15:25:31,10.1296,
15,May,2013,15:26:02,9.9119,
15,May,2013,15:26:30,10.0558,
15,May,2013,15:27:02,9.9119,
15,May,2013,15:27:31,9.9261,
15,May,2013,15:28:02,9.8373,
15,May,2013,15:28:31,9.7576,
15,May,2013,15:29:02,9.7810,
15,May,2013,15:29:31,9.7766,
15,May,2013,15:30:02,9.9493,
15,May,2013,15:30:33,9.8329,
15,May,2013,15:31:01,9.7815,
15,May,2013,15:31:31,9.8750,
15,May,2013,15:32:02,9.9450,
15,May,2013,15:32:30,9.9450,
15,May,2013,15:33:01,9.9356,
15,May,2013,15:33:31,9.9169,
15,May,2013,15:34:02,9.8978,
15,May,2013,15:34:31,9.7386,
15,May,2013,15:35:02,9.7766,
15,May,2013,15:35:31,9.7820,
15,May,2013,15:36:02,9.8526,
15,May,2013,15:36:31,10.1793,
15,May,2013,15:37:02,10.4894,
15,May,2013,15:37:31,10.5192,
15,May,2013,15:38:02,10.9334,
15,May,2013,15:38:31,10.9073,
15,May,2013,15:39:02,10.8286,
15,May,2013,15:39:31,10.7838,
15,May,2013,15:40:02,10.8224,
15,May,2013,15:40:32,10.6830,
15,May,2013,15:41:01,10.7363,
15,May,2013,15:41:31,10.6974,
15,May,2013,15:42:02,10.4940,
15,May,2013,15:42:31,10.4178,
15,May,2013,15:43:02,10.3589,
15,May,2013,15:43:31,10.3862,
15,May,2013,15:44:02,10.3906,
15,May,2013,15:44:31,10.2395,
15,May,2013,15:45:01,10.2306,
15,May,2013,15:45:32,10.1847,
15,May,2013,15:46:01,10.0559,
15,May,2013,15:46:30,9.8610,
15,May,2013,15:47:01,9.9727,
15,May,2013,15:47:30,9.9311,
15,May,2013,15:48:01,9.9634,
15,May,2013,15:48:30,9.8429,
15,May,2013,15:49:02,9.8339,
15,May,2013,15:49:31,9.9079,
15,May,2013,15:50:01,9.7495,
15,May,2013,15:50:31,9.5756,
15,May,2013,15:51:02,9.5338,
15,May,2013,15:51:31,9.5530,
15,May,2013,15:52:01,9.5238,
15,May,2013,15:52:30,9.5146,
15,May,2013,15:53:02,9.4391,
15,May,2013,15:53:31,9.4870,
15,May,2013,15:54:02,9.4493,
15,May,2013,15:54:31,9.6845,
15,May,2013,15:55:02,9.4585,
15,May,2013,15:55:31,9.4677,
15,May,2013,15:56:02,9.4920,
15,May,2013,15:56:32,9.5438,
15,May,2013,15:57:02,9.7223,
15,May,2013,15:57:31,9.8990,
15,May,2013,15:58:02,10.0413,
15,May,2013,15:58:31,10.4657,
15,May,2013,15:59:02,10.5588,
15,May,2013,15:59:31,10.7017,
15,May,2013,16:00:02,10.8851,
15,May,2013,16:00:32,11.1129,
15,May,2013,16:01:02,11.2283,
15,May,2013,16:01:32,11.5293,
15,May,2013,16:02:01,10.7883,
15,May,2013,16:02:31,10.6653,
15,May,2013,16:03:02,10.7759,
15,May,2013,16:03:31,10.6515,
15,May,2013,16:04:02,10.5545,
15,May,2013,16:04:31,10.6182,
15,May,2013,16:05:01,10.5261,
15,May,2013,16:05:31,10.3466,
15,May,2013,16:06:01,10.1575,
15,May,2013,16:06:31,10.1298,
15,May,2013,16:07:02,9.9911,
15,May,2013,16:07:31,9.8060,
15,May,2013,16:08:02,9.7878,
15,May,2013,16:08:31,9.7503,
15,May,2013,16:09:02,9.6481,
15,May,2013,16:09:31,9.5783,
15,May,2013,16:10:02,9.5544,
15,May,2013,16:10:33,9.5740,
15,May,2013,16:11:02,9.5274,
15,May,2013,16:11:32,9.4042,
15,May,2013,16:12:02,9.4475,
15,May,2013,16:12:31,9.3623,
15,May,2013,16:13:02,9.5133,
15,May,2013,16:13:31,9.3899,
15,May,2013,16:14:02,9.2726,
15,May,2013,16:14:31,9.2531,
15,May,2013,16:15:02,9.3430,
15,May,2013,16:15:32,9.2909,
15,May,2013,16:16:02,9.2428,
15,May,2013,16:16:31,9.2468,
15,May,2013,16:17:01,9.2324,
15,May,2013,16:17:32,9.2259,
15,May,2013,16:18:02,9.1245,
15,May,2013,16:18:31,9.0479,
15,May,2013,16:19:02,9.0641,
15,May,2013,16:19:31,9.0771,
15,May,2013,16:20:02,9.0150,
15,May,2013,16:20:31,9.1260,
15,May,2013,16:21:02,8.9308,
15,May,2013,16:21:31,9.0755,
15,May,2013,16:22:02,9.4023,
15,May,2013,16:22:31,9.2623,
15,May,2013,16:23:02,9.6950,
15,May,2013,16:23:31,9.9634,
15,May,2013,16:24:01,10.0827,
15,May,2013,16:24:30,10.3046,
15,May,2013,16:25:01,10.3812,
15,May,2013,16:25:31,10.3281,
15,May,2013,16:26:01,10.4326,
15,May,2013,16:26:30,10.2070,
15,May,2013,16:27:02,10.1847,
15,May,2013,16:27:31,10.0744,
15,May,2013,16:28:02,9.8982,
15,May,2013,16:28:31,9.9820,
15,May,2013,16:29:02,9.9119,
15,May,2013,16:29:31,9.5964,
15,May,2013,16:30:02,9.5116,
15,May,2013,16:30:33,9.4686,
15,May,2013,16:31:02,9.3965,
15,May,2013,16:31:31,9.3965,
15,May,2013,16:32:01,9.3334,
15,May,2013,16:32:31,9.2768,
15,May,2013,16:33:02,9.2729,
15,May,2013,16:33:31,9.2546,
15,May,2013,16:34:02,9.1856,
15,May,2013,16:34:31,9.0995,
15,May,2013,16:35:02,9.0757,
15,May,2013,16:35:32,9.0261,
15,May,2013,16:36:01,9.0445,
15,May,2013,16:36:31,8.9950,
15,May,2013,16:37:02,9.0829,
15,May,2013,16:37:31,9.1397,
15,May,2013,16:38:01,9.2270,
15,May,2013,16:38:31,9.1563,
15,May,2013,16:39:02,9.1910,
15,May,2013,16:39:31,9.1689,
15,May,2013,16:40:02,9.1764,
15,May,2013,16:40:32,9.1672,
15,May,2013,16:41:01,9.1196,
15,May,2013,16:41:32,8.9930,
15,May,2013,16:42:01,9.0702,
15,May,2013,16:42:31,8.9670,
15,May,2013,16:43:02,9.1704,
15,May,2013,16:43:31,9.5187,
15,May,2013,16:44:02,9.8708,
15,May,2013,16:44:31,9.9265,
15,May,2013,16:45:01,10.0743,
15,May,2013,16:45:32,10.1572,
15,May,2013,16:46:02,10.2306,
15,May,2013,16:46:31,10.1849,
15,May,2013,16:47:02,10.1851,
15,May,2013,16:47:31,10.0600,
15,May,2013,16:48:02,9.9240,
15,May,2013,16:48:31,9.8300,
15,May,2013,16:49:02,9.6894,
15,May,2013,16:49:31,9.5173,
15,May,2013,16:50:01,9.5081,
15,May,2013,16:50:32,9.4136,
15,May,2013,16:51:01,9.3938,
15,May,2013,16:51:31,9.3011,
15,May,2013,16:52:02,9.2406,
15,May,2013,16:52:33,9.3662,
15,May,2013,16:53:01,9.3754,
15,May,2013,16:53:31,9.2882,
15,May,2013,16:54:01,9.2041,
15,May,2013,16:54:31,9.1269,
15,May,2013,16:55:02,9.0643,
15,May,2013,16:55:32,9.0347,
15,May,2013,16:56:01,8.9296,
15,May,2013,16:56:31,8.8815,
15,May,2013,16:57:02,8.8218,
15,May,2013,16:57:32,8.8334,
15,May,2013,16:58:02,8.8117,
15,May,2013,16:58:31,8.7693,
15,May,2013,16:59:02,8.8768,
15,May,2013,16:59:31,8.9563,
15,May,2013,17:00:02,8.9655,
15,May,2013,17:00:33,8.9670,
15,May,2013,17:01:02,9.0921,
15,May,2013,17:01:46,9.0225,
15,May,2013,17:02:02,8.9431,
15,May,2013,17:02:31,8.8598,
15,May,2013,17:03:02,9.0041,
15,May,2013,17:03:31,9.0133,
15,May,2013,17:04:01,9.1505,
15,May,2013,17:04:30,9.4013,
15,May,2013,17:05:02,9.5814,
15,May,2013,17:05:31,9.5898,
15,May,2013,17:06:02,9.9359,
15,May,2013,17:06:31,10.0282,
15,May,2013,17:07:01,10.1981,
15,May,2013,17:07:30,10.2849,
15,May,2013,17:08:01,10.0744,
15,May,2013,17:08:31,10.1390,
15,May,2013,17:09:02,9.7994,
15,May,2013,17:09:31,9.7754,
15,May,2013,17:10:02,9.7951,
15,May,2013,17:10:32,9.7761,
15,May,2013,17:11:02,9.5780,
15,May,2013,17:11:32,9.5872,
15,May,2013,17:12:02,9.4565,
15,May,2013,17:12:31,9.3335,
15,May,2013,17:13:02,9.3506,
15,May,2013,17:13:31,9.3217,
15,May,2013,17:14:02,9.2638,
15,May,2013,17:14:31,9.3111,
15,May,2013,17:15:02,9.1069,
15,May,2013,17:15:32,9.2606,
15,May,2013,17:16:02,9.0847,
15,May,2013,17:16:31,8.9614,
15,May,2013,17:17:02,9.0940,
15,May,2013,17:17:31,9.0738,
15,May,2013,17:18:02,9.1672,
15,May,2013,17:18:31,9.0794,
15,May,2013,17:19:02,9.1655,
15,May,2013,17:19:30,9.0775,
15,May,2013,17:20:02,9.1344,
15,May,2013,17:20:32,8.8676,
15,May,2013,17:21:01,9.0663,
15,May,2013,17:21:31,9.1105,
15,May,2013,17:22:02,9.0663,
15,May,2013,17:22:31,8.9706,
15,May,2013,17:23:01,8.9614,
15,May,2013,17:23:31,8.9021,
15,May,2013,17:24:02,8.8632,
15,May,2013,17:24:31,8.9318,
15,May,2013,17:25:02,9.1397,
15,May,2013,17:25:32,9.5748,
15,May,2013,17:26:02,9.6366,
15,May,2013,17:26:31,10.1200,
15,May,2013,17:27:01,10.1659,
15,May,2013,17:27:30,10.2484,
15,May,2013,17:28:01,10.3764,
15,May,2013,17:28:30,10.2673,
15,May,2013,17:29:02,10.2494,
15,May,2013,17:29:31,10.2586,
15,May,2013,17:30:02,9.9764,
15,May,2013,17:30:32,9.9197,
15,May,2013,17:31:02,9.9056,
15,May,2013,17:31:31,9.8158,
15,May,2013,17:32:02,9.7068,
15,May,2013,17:32:31,9.6260,
15,May,2013,17:33:01,9.5553,
15,May,2013,17:33:31,9.4015,
15,May,2013,17:34:02,9.2426,
15,May,2013,17:34:31,9.2096,
15,May,2013,17:35:02,9.2205,
15,May,2013,17:35:32,9.2773,
15,May,2013,17:36:02,9.2279,
15,May,2013,17:36:31,9.1544,
15,May,2013,17:37:01,9.1249,
15,May,2013,17:37:30,9.0748,
15,May,2013,17:38:02,9.0120,
15,May,2013,17:38:30,8.9547,
15,May,2013,17:39:02,8.8410,
15,May,2013,17:39:31,8.9639,
15,May,2013,17:40:02,8.9341,
15,May,2013,17:40:32,8.9042,
15,May,2013,17:41:02,8.9316,
15,May,2013,17:41:31,8.9316,
15,May,2013,17:42:01,8.8384,
15,May,2013,17:42:31,8.8442,
15,May,2013,17:43:02,8.7867,
15,May,2013,17:43:31,8.8618,
15,May,2013,17:44:02,8.8618,
15,May,2013,17:44:31,8.7658,
15,May,2013,17:45:02,8.7328,
15,May,2013,17:45:31,8.7116,
15,May,2013,17:46:02,8.8475,
15,May,2013,17:46:31,9.2773,
15,May,2013,17:47:02,9.2790,
15,May,2013,17:47:32,9.3111,
15,May,2013,17:48:01,9.7398,
15,May,2013,17:48:30,9.9725,
15,May,2013,17:49:02,10.1436,
15,May,2013,17:49:31,10.1482,
15,May,2013,17:50:01,10.1621,
15,May,2013,17:50:32,10.0822,
15,May,2013,17:51:01,9.9010,
15,May,2013,17:51:31,9.9294,
15,May,2013,17:52:02,9.8130,
15,May,2013,17:52:31,9.6851,
15,May,2013,17:53:01,9.7720,
15,May,2013,17:53:31,9.6496,
15,May,2013,17:54:01,9.7074,
15,May,2013,17:54:31,9.5328,
15,May,2013,17:55:02,9.5102,
15,May,2013,17:55:31,9.4291,
15,May,2013,17:56:02,9.5474,
15,May,2013,17:56:31,9.4261,
15,May,2013,17:57:02,9.4833,
15,May,2013,17:57:31,9.3660,
15,May,2013,17:58:01,9.2821,
15,May,2013,17:58:31,9.4802,
15,May,2013,17:59:02,9.3823,
15,May,2013,17:59:31,9.2804,
15,May,2013,18:00:02,9.2826,
15,May,2013,18:00:32,9.3675,
15,May,2013,18:01:02,9.3790,
15,May,2013,18:01:31,9.5193,
15,May,2013,18:02:01,9.6577,
15,May,2013,18:02:31,9.8171,
15,May,2013,18:03:01,10.1084,
15,May,2013,18:03:30,10.1911,
15,May,2013,18:04:01,10.3195,
15,May,2013,18:04:31,10.2315,
15,May,2013,18:05:02,10.2932,
15,May,2013,18:05:33,9.9838,
15,May,2013,18:06:01,10.0057,
15,May,2013,18:06:30,9.7537,
15,May,2013,18:07:02,9.7114,
15,May,2013,18:07:31,9.5729,
15,May,2013,18:08:02,9.5339,
15,May,2013,18:08:31,9.4524,
15,May,2013,18:09:01,9.4698,
15,May,2013,18:09:31,9.3526,
15,May,2013,18:10:02,9.3642,
15,May,2013,18:10:31,9.2375,
15,May,2013,18:11:01,9.2407,
15,May,2013,18:11:32,9.1799,
15,May,2013,18:12:01,9.1103,
15,May,2013,18:12:30,9.1315,
15,May,2013,18:13:01,9.0403,
15,May,2013,18:13:30,9.0857,
15,May,2013,18:14:02,8.9644,
15,May,2013,18:14:31,9.0372,
15,May,2013,18:15:02,9.0766,
15,May,2013,18:15:31,8.9735,
15,May,2013,18:16:02,9.0343,
15,May,2013,18:16:31,9.0253,
15,May,2013,18:17:01,9.0222,
15,May,2013,18:17:31,8.9522,
15,May,2013,18:18:02,8.9796,
15,May,2013,18:18:31,8.9004,
15,May,2013,18:19:02,8.9644,
15,May,2013,18:19:31,8.8486,
15,May,2013,18:20:02,8.8608,
15,May,2013,18:20:33,8.9857,
15,May,2013,18:21:02,8.8851,
15,May,2013,18:21:31,9.0435,
15,May,2013,18:22:02,9.2244,
15,May,2013,18:22:31,9.6953,
15,May,2013,18:23:02,9.8022,
15,May,2013,18:23:31,9.8481,
15,May,2013,18:24:02,10.2385,
15,May,2013,18:24:31,10.0727,
15,May,2013,18:25:01,10.1756,
15,May,2013,18:25:31,10.0472,
15,May,2013,18:26:01,9.8146,
15,May,2013,18:26:30,9.6902,
15,May,2013,18:27:01,9.6737,
15,May,2013,18:27:31,9.6700,
15,May,2013,18:28:02,9.5322,
15,May,2013,18:28:31,9.4286,
15,May,2013,18:29:02,9.3874,
15,May,2013,18:29:31,9.4378,
15,May,2013,18:30:02,9.2643,
15,May,2013,18:30:31,9.3126,
15,May,2013,18:31:02,9.3551,
15,May,2013,18:31:31,9.2165,
15,May,2013,18:32:02,9.1074,
15,May,2013,18:32:31,9.0618,
15,May,2013,18:33:02,9.2375,
15,May,2013,18:33:31,9.1767,
15,May,2013,18:34:01,9.2277,
15,May,2013,18:34:30,9.1799,
15,May,2013,18:35:02,9.2499,
15,May,2013,18:35:32,9.1043,
15,May,2013,18:36:02,9.1378,
15,May,2013,18:36:31,8.9826,
15,May,2013,18:37:02,8.9307,
15,May,2013,18:37:31,8.9917,
15,May,2013,18:38:02,9.0189,
15,May,2013,18:38:31,8.9004,
15,May,2013,18:39:01,8.8545,
15,May,2013,18:39:30,8.8727,
15,May,2013,18:40:02,8.7566,
15,May,2013,18:40:31,8.8426,
15,May,2013,18:41:02,8.8091,
15,May,2013,18:41:32,8.8486,
15,May,2013,18:42:02,8.7110,
15,May,2013,18:42:31,8.7325,
15,May,2013,18:43:01,8.7143,
15,May,2013,18:43:30,8.8669,
15,May,2013,18:44:02,9.0381,
15,May,2013,18:44:31,9.2719,
15,May,2013,18:45:02,9.2646,
15,May,2013,18:45:31,9.5015,
15,May,2013,18:46:02,9.6414,
15,May,2013,18:46:31,9.7630,
15,May,2013,18:47:01,9.5895,
15,May,2013,18:47:32,9.4695,
15,May,2013,18:48:02,9.4132,
15,May,2013,18:48:31,9.2679,
15,May,2013,18:49:02,9.2679,
15,May,2013,18:49:31,9.1470,
15,May,2013,18:50:02,9.0481,
15,May,2013,18:50:31,8.9971,
15,May,2013,18:51:01,8.9247,
15,May,2013,18:51:34,8.9429,
15,May,2013,18:52:02,8.8517,
15,May,2013,18:52:31,8.7599,
15,May,2013,18:53:02,8.6984,
15,May,2013,18:53:31,8.6960,
15,May,2013,18:54:02,8.6778,
15,May,2013,18:54:31,8.7052,
15,May,2013,18:55:01,8.6163,
15,May,2013,18:55:31,8.5637,
15,May,2013,18:56:02,8.8241,
15,May,2013,18:56:32,8.5798,
15,May,2013,18:57:02,8.5946,
15,May,2013,18:57:31,8.4927,
15,May,2013,18:58:02,8.5546,
15,May,2013,18:58:31,8.4991,
15,May,2013,18:59:02,8.6255,
15,May,2013,18:59:31,8.6072,
15,May,2013,19:00:01,8.5764,
15,May,2013,19:00:32,8.4680,
15,May,2013,19:01:02,8.4148,
15,May,2013,19:01:31,8.3992,
15,May,2013,19:02:02,8.4525,
15,May,2013,19:02:31,8.3719,
15,May,2013,19:03:02,8.3184,
15,May,2013,19:03:32,8.3173,
15,May,2013,19:04:02,8.3485,
15,May,2013,19:04:31,8.4298,
15,May,2013,19:05:01,8.6139,
15,May,2013,19:05:31,8.7693,
15,May,2013,19:06:02,8.8749,
15,May,2013,19:06:31,9.0783,
15,May,2013,19:07:02,9.2793,
15,May,2013,19:07:31,9.3232,
15,May,2013,19:08:01,9.4366,
15,May,2013,19:08:31,9.1939,
15,May,2013,19:09:02,9.1046,
15,May,2013,19:09:31,8.9997,
15,May,2013,19:10:01,8.8818,
15,May,2013,19:10:32,8.8941,
15,May,2013,19:11:02,8.9486,
15,May,2013,19:11:31,8.8152,
15,May,2013,19:12:02,8.6413,
15,May,2013,19:12:31,8.5946,
15,May,2013,19:13:01,8.4535,
15,May,2013,19:13:31,8.3978,
15,May,2013,19:14:02,8.3082,
15,May,2013,19:14:31,8.2314,
15,May,2013,19:15:02,8.2809,
15,May,2013,19:15:32,8.5868,
15,May,2013,19:16:02,8.4915,
15,May,2013,19:16:30,8.6324,
15,May,2013,19:17:02,8.4087,
15,May,2013,19:17:31,10.3852,
15,May,2013,19:18:02,9.9003,
15,May,2013,19:18:31,9.8523,
15,May,2013,19:19:02,9.6172,
15,May,2013,19:19:31,9.7183,
15,May,2013,19:20:02,9.8627,
15,May,2013,19:20:33,9.8108,
15,May,2013,19:21:02,9.5772,
15,May,2013,19:21:31,9.6668,
15,May,2013,19:22:01,9.6485,
15,May,2013,19:22:30,9.6519,
15,May,2013,19:23:02,9.8276,
15,May,2013,19:23:30,9.6965,
15,May,2013,19:24:02,9.5081,
16,May,2013,21:20:42,10.7887,
16,May,2013,21:21:02,10.6791,
16,May,2013,21:21:13,10.6462,
16,May,2013,21:21:32,10.6565,
16,May,2013,21:22:02,10.6297,
16,May,2013,21:22:31,10.6157,
16,May,2013,21:23:02,10.6221,
16,May,2013,21:23:31,10.6798,
16,May,2013,21:24:02,10.6309,
16,May,2013,21:24:31,10.6220,
16,May,2013,21:25:01,10.6307,
16,May,2013,21:25:31,10.6218,
16,May,2013,21:26:02,10.5432,
16,May,2013,21:26:32,10.5545,
16,May,2013,21:27:01,10.5726,
16,May,2013,21:27:30,10.5712,
16,May,2013,21:28:02,10.5374,
16,May,2013,21:28:31,10.5723,
16,May,2013,21:29:02,10.5521,
16,May,2013,21:29:32,10.5357,
16,May,2013,21:30:02,10.5068,
16,May,2013,21:30:32,10.5363,
16,May,2013,21:31:01,10.5257,
16,May,2013,21:31:30,10.5229,
16,May,2013,21:32:02,10.5532,
16,May,2013,21:32:31,10.5702,
16,May,2013,21:33:01,10.5965,
16,May,2013,21:33:30,10.6657,
16,May,2013,21:34:01,10.7457,
16,May,2013,21:34:31,10.8014,
16,May,2013,21:35:02,10.8405,
16,May,2013,21:35:32,10.8236,
16,May,2013,21:36:02,10.8051,
16,May,2013,21:36:34,10.8460,
16,May,2013,21:37:02,10.8274,
16,May,2013,21:37:31,10.8534,
16,May,2013,21:38:01,10.8514,
16,May,2013,21:38:32,16.8024,
16,May,2013,21:39:28,11.1307,
16,May,2013,21:40:02,10.9714,
16,May,2013,21:40:32,10.9286,
16,May,2013,21:41:01,10.9587,
16,May,2013,21:41:31,10.9482,
16,May,2013,21:42:02,11.1372,
16,May,2013,21:42:31,10.9297,
16,May,2013,21:43:02,10.9258,
16,May,2013,21:43:31,10.9145,
16,May,2013,21:44:02,10.9102,
16,May,2013,21:44:31,10.9302,
16,May,2013,21:45:02,10.7418,
16,May,2013,21:45:31,10.8079,
16,May,2013,21:46:02,10.8114,
16,May,2013,21:46:31,10.8336,
16,May,2013,21:47:02,10.8056,
16,May,2013,21:47:31,10.8464,
16,May,2013,21:48:01,10.8220,
16,May,2013,21:48:31,10.8243,
16,May,2013,21:49:02,10.8686,
16,May,2013,21:49:32,10.7893,
16,May,2013,21:50:02,10.6840,
16,May,2013,21:50:31,10.7635,
16,May,2013,21:51:02,10.7556,
16,May,2013,21:51:31,10.7241,
16,May,2013,21:52:02,10.7276,
16,May,2013,21:52:31,10.7475,
16,May,2013,21:53:02,10.7289,
16,May,2013,21:53:31,10.7731,
16,May,2013,21:54:02,10.7289,
16,May,2013,21:54:31,10.7103,
16,May,2013,21:55:02,10.7591,
16,May,2013,21:55:32,10.7941,
16,May,2013,21:56:02,10.8290,
16,May,2013,21:56:30,10.7917,
16,May,2013,21:56:32,10.8104,
16,May,2013,21:57:01,10.8546,
16,May,2013,21:57:32,10.9115,
16,May,2013,21:58:02,10.9428,
16,May,2013,21:58:37,10.9937,
16,May,2013,21:59:01,10.9937,
16,May,2013,21:59:31,11.0790,
16,May,2013,22:00:02,11.0696,
16,May,2013,22:00:32,11.1228,
16,May,2013,22:01:01,11.1667,
16,May,2013,22:01:31,11.1886,
16,May,2013,22:02:01,11.1886,
16,May,2013,22:02:30,11.1890,
16,May,2013,22:03:02,11.2514,
16,May,2013,22:03:31,11.3046,
16,May,2013,22:04:02,11.2858,
16,May,2013,22:04:32,11.3451,
16,May,2013,22:05:02,11.3544,
16,May,2013,22:05:32,11.3821,
16,May,2013,22:06:01,11.3944,
16,May,2013,22:06:31,11.4310,
16,May,2013,22:07:01,11.4333,
16,May,2013,22:07:32,11.4850,
16,May,2013,22:08:02,11.5366,
16,May,2013,22:08:32,11.5691,
16,May,2013,22:09:02,11.6588,
16,May,2013,22:09:33,11.6562,
16,May,2013,22:10:02,11.5878,
16,May,2013,22:10:36,11.7537,
16,May,2013,22:11:01,11.7802,
16,May,2013,22:11:31,11.8705,
16,May,2013,22:12:02,11.8923,
16,May,2013,22:12:31,11.9465,
16,May,2013,22:13:02,11.9326,
16,May,2013,22:13:31,11.9679,
16,May,2013,22:14:02,12.0055,
16,May,2013,22:14:31,12.0195,
16,May,2013,22:15:01,11.9773,
16,May,2013,22:15:32,12.0358,
16,May,2013,22:16:02,12.0825,
16,May,2013,22:16:31,12.0985,
16,May,2013,22:17:02,12.0891,
16,May,2013,22:17:31,12.0957,
16,May,2013,22:18:02,12.1492,
16,May,2013,22:18:31,12.1196,
16,May,2013,22:19:02,12.1384,
16,May,2013,22:19:31,12.1456,
16,May,2013,22:20:01,12.1869,
16,May,2013,22:20:31,12.2121,
16,May,2013,22:21:02,12.1964,
16,May,2013,22:21:31,12.2348,
16,May,2013,22:22:02,12.2427,
16,May,2013,22:22:31,12.2277,
16,May,2013,22:23:01,12.2637,
16,May,2013,22:23:31,12.2675,
16,May,2013,22:24:01,12.2712,
16,May,2013,22:24:31,12.2618,
16,May,2013,22:25:02,12.2938,
16,May,2013,22:25:31,12.2768,
16,May,2013,22:26:02,12.3141,
16,May,2013,22:26:31,12.3590,
16,May,2013,22:27:01,12.3787,
16,May,2013,22:27:33,12.4171,
16,May,2013,22:28:02,12.4771,
16,May,2013,22:28:31,12.5007,
16,May,2013,22:29:01,12.5117,
16,May,2013,22:29:31,12.5336,
16,May,2013,22:30:01,12.6131,
16,May,2013,22:30:31,12.6391,
16,May,2013,22:31:02,12.6919,
16,May,2013,22:31:31,12.6784,
16,May,2013,22:32:02,12.6742,
16,May,2013,22:32:32,12.6605,
16,May,2013,22:33:02,12.6591,
16,May,2013,22:33:32,12.6079,
16,May,2013,22:34:02,12.6882,
16,May,2013,22:34:31,12.8193,
16,May,2013,22:35:02,12.7771,
16,May,2013,22:35:31,12.7947,
16,May,2013,22:36:01,12.7575,
16,May,2013,22:36:36,12.7705,
16,May,2013,22:37:02,12.7328,
16,May,2013,22:37:32,12.8447,
16,May,2013,22:38:02,12.7560,
16,May,2013,22:38:31,12.7733,
16,May,2013,22:39:02,12.7760,
16,May,2013,22:39:32,12.8292,
16,May,2013,22:40:02,12.7637,
16,May,2013,22:40:32,12.8446,
16,May,2013,22:41:01,12.8055,
16,May,2013,22:41:30,12.8073,
16,May,2013,22:42:02,12.8375,
16,May,2013,22:42:31,12.7377,
16,May,2013,22:43:02,12.6430,
16,May,2013,22:43:31,12.5743,
16,May,2013,22:44:01,12.5399,
16,May,2013,22:44:31,12.6618,
16,May,2013,22:45:02,12.7224,
16,May,2013,22:45:31,12.6941,
16,May,2013,22:46:02,12.7452,
16,May,2013,22:46:32,12.8018,
16,May,2013,22:47:02,12.8018,
16,May,2013,22:47:32,12.8151,
16,May,2013,22:48:02,12.8226,
16,May,2013,22:48:31,12.8226,
16,May,2013,22:49:01,12.8510,
16,May,2013,22:49:30,12.8773,
16,May,2013,22:50:01,12.8585,
16,May,2013,22:50:31,12.8812,
16,May,2013,22:51:02,12.8698,
16,May,2013,22:51:31,12.8698,
16,May,2013,22:52:02,12.8415,
16,May,2013,22:52:31,12.8490,
16,May,2013,22:53:02,12.8585,
