21,Apr,2013,04:10:01,,
21,Apr,2013,04:11:01,,
21,Apr,2013,04:12:01,,
21,Apr,2013,04:13:02,,
21,Apr,2013,04:14:02,,
21,Apr,2013,04:15:01,,
21,Apr,2013,04:16:01,,
21,Apr,2013,04:16:14,,
21,Apr,2013,04:16:52,29.0999,
21,Apr,2013,04:16:59,29.1015,
21,Apr,2013,04:17:02,29.0675,
21,Apr,2013,04:17:05,29.0326,
21,Apr,2013,04:18:01,28.9977,
21,Apr,2013,04:18:13,29.0318,
21,Apr,2013,04:18:25,29.1023,
21,Apr,2013,04:19:02,28.8963,
21,Apr,2013,04:20:02,28.8979,
21,Apr,2013,04:21:01,29.0358,
21,Apr,2013,04:22:01,29.2353,
21,Apr,2013,04:23:01,28.9669,
21,Apr,2013,04:24:01,29.2969,
21,Apr,2013,04:25:02,29.6362,
21,Apr,2013,04:26:01,30.2310,
21,Apr,2013,04:27:02,29.8671,
21,Apr,2013,04:27:20,29.3344,
21,Apr,2013,04:28:01,29.2741,
21,Apr,2013,04:29:01,28.6031,
21,Apr,2013,04:30:01,29.0979,
21,Apr,2013,04:31:01,29.0168,
21,Apr,2013,04:32:01,28.7363,
21,Apr,2013,04:33:02,28.2746,
21,Apr,2013,04:34:02,27.7269,
21,Apr,2013,04:35:01,27.6810,
21,Apr,2013,04:36:01,27.4690,
21,Apr,2013,04:37:02,27.4353,
21,Apr,2013,04:38:02,27.1926,
21,Apr,2013,04:39:02,27.3237,
21,Apr,2013,04:40:01,28.0098,
21,Apr,2013,04:41:02,28.1295,
21,Apr,2013,04:42:01,28.0747,
21,Apr,2013,04:44:03,27.8730,
21,Apr,2013,04:44:03,27.9081,
21,Apr,2013,04:44:37,,
21,Apr,2013,04:44:37,27.8668,
21,Apr,2013,04:45:02,27.6306,
21,Apr,2013,04:45:37,27.5977,
21,Apr,2013,04:46:02,27.1229,
21,Apr,2013,04:46:38,27.4024,
21,Apr,2013,04:47:02,27.1626,
21,Apr,2013,04:47:36,27.3979,
21,Apr,2013,04:48:03,27.3888,
21,Apr,2013,04:48:39,27.6994,
21,Apr,2013,04:49:02,27.6581,
21,Apr,2013,04:49:36,27.4944,
21,Apr,2013,04:50:02,27.5961,
21,Apr,2013,04:50:36,27.7407,
21,Apr,2013,04:50:41,27.6022,
21,Apr,2013,04:51:02,27.5296,
21,Apr,2013,04:51:38,27.8989,
21,Apr,2013,04:52:02,27.8386,
21,Apr,2013,04:52:36,27.7323,
21,Apr,2013,04:53:02,27.6657,
21,Apr,2013,04:53:37,27.5488,
21,Apr,2013,04:54:01,27.8117,
21,Apr,2013,04:54:44,27.9140,
21,Apr,2013,04:54:45,27.9484,
21,Apr,2013,04:55:03,28.0507,
21,Apr,2013,04:55:10,28.0186,
21,Apr,2013,04:55:41,28.0874,
21,Apr,2013,04:56:02,28.3301,
21,Apr,2013,04:56:41,28.4400,
21,Apr,2013,04:57:02,28.5117,
21,Apr,2013,04:57:45,28.7055,
21,Apr,2013,04:58:02,29.0726,
21,Apr,2013,04:58:39,28.3823,
21,Apr,2013,04:59:02,28.4548,
21,Apr,2013,04:59:41,28.2121,
21,Apr,2013,05:00:01,28.0692,
21,Apr,2013,05:00:42,28.1982,
21,Apr,2013,05:01:02,28.2676,
21,Apr,2013,05:01:46,27.8095,
21,Apr,2013,05:02:03,27.6764,
21,Apr,2013,05:02:43,27.5562,
21,Apr,2013,05:03:03,27.4619,
21,Apr,2013,05:03:46,27.2355,
21,Apr,2013,05:04:03,26.8946,
21,Apr,2013,05:04:41,26.5202,
21,Apr,2013,05:05:02,26.6534,
21,Apr,2013,05:05:45,26.8782,
21,Apr,2013,05:06:02,27.1387,
21,Apr,2013,05:06:43,27.6634,
21,Apr,2013,05:07:04,27.9271,
21,Apr,2013,05:07:46,27.9951,
21,Apr,2013,05:08:06,27.9379,
21,Apr,2013,05:08:46,37.1079,
21,Apr,2013,05:09:05,28.2855,
21,Apr,2013,05:09:46,27.9905,
21,Apr,2013,05:11:02,28.6019,
21,Apr,2013,05:11:44,28.9643,
21,Apr,2013,05:12:01,29.1917,
21,Apr,2013,05:12:42,27.6883,
21,Apr,2013,05:13:02,28.0310,
21,Apr,2013,05:13:46,28.5063,
21,Apr,2013,05:14:06,28.7894,
21,Apr,2013,05:14:46,29.7878,
21,Apr,2013,05:15:06,27.9820,
21,Apr,2013,05:15:46,30.2088,
21,Apr,2013,05:16:05,30.3678,
21,Apr,2013,05:16:45,30.6661,
21,Apr,2013,05:17:05,30.7383,
21,Apr,2013,05:17:51,28.4851,
21,Apr,2013,05:18:03,28.2776,
21,Apr,2013,05:18:44,27.7684,
21,Apr,2013,05:19:04,27.9633,
21,Apr,2013,05:19:47,28.1602,
21,Apr,2013,05:20:01,28.0225,
21,Apr,2013,05:20:42,28.0754,
21,Apr,2013,05:21:03,28.2139,
21,Apr,2013,05:21:47,28.7370,
21,Apr,2013,05:22:02,28.6640,
21,Apr,2013,05:22:43,28.3527,
21,Apr,2013,05:23:03,29.1497,
21,Apr,2013,05:23:47,29.4857,
21,Apr,2013,05:24:02,29.4086,
21,Apr,2013,05:24:43,29.5383,
21,Apr,2013,05:25:03,29.3348,
21,Apr,2013,05:25:44,29.2788,
21,Apr,2013,05:26:04,29.1368,
21,Apr,2013,05:26:41,29.1669,
21,Apr,2013,05:27:02,29.1970,
21,Apr,2013,05:27:47,29.7061,
21,Apr,2013,05:28:02,29.5319,
21,Apr,2013,05:28:43,29.6040,
21,Apr,2013,05:29:02,29.4694,
21,Apr,2013,05:29:46,29.2146,
21,Apr,2013,05:30:02,28.9988,
21,Apr,2013,05:30:43,29.2399,
21,Apr,2013,05:31:03,28.7204,
21,Apr,2013,05:31:54,28.9956,
21,Apr,2013,05:32:02,28.8243,
21,Apr,2013,05:32:44,29.2715,
21,Apr,2013,05:33:03,29.2114,
21,Apr,2013,05:33:41,28.9909,
21,Apr,2013,05:34:01,29.1921,
21,Apr,2013,05:34:41,28.6950,
21,Apr,2013,05:35:02,28.9781,
21,Apr,2013,05:35:42,29.0510,
21,Apr,2013,05:36:03,28.9139,
21,Apr,2013,05:36:45,29.1841,
21,Apr,2013,05:37:05,29.0771,
21,Apr,2013,05:37:50,29.3171,
21,Apr,2013,05:38:03,29.2482,
21,Apr,2013,05:38:50,28.8535,
21,Apr,2013,05:39:04,29.1015,
21,Apr,2013,05:39:51,29.3114,
21,Apr,2013,05:40:09,29.2498,
21,Apr,2013,05:40:37,29.2425,
21,Apr,2013,05:41:02,29.2190,
21,Apr,2013,05:41:30,29.2321,
21,Apr,2013,05:42:02,29.3342,
21,Apr,2013,05:42:30,29.4063,
21,Apr,2013,05:43:02,29.4387,
21,Apr,2013,05:43:32,29.4419,
21,Apr,2013,05:44:08,29.5861,
21,Apr,2013,05:44:35,29.0590,
21,Apr,2013,05:45:02,29.0534,
21,Apr,2013,05:47:00,29.2157,
21,Apr,2013,05:47:02,29.1841,
21,Apr,2013,05:47:47,29.4476,
21,Apr,2013,05:48:05,29.5132,
21,Apr,2013,05:48:48,29.5812,
21,Apr,2013,05:49:02,29.5828,
21,Apr,2013,05:49:43,29.7852,
21,Apr,2013,05:50:02,29.6460,
21,Apr,2013,05:50:46,29.6168,
21,Apr,2013,05:52:02,29.2846,
21,Apr,2013,05:52:46,29.4127,
21,Apr,2013,05:53:03,29.3195,
21,Apr,2013,05:53:45,29.2603,
21,Apr,2013,05:54:02,29.2578,
21,Apr,2013,05:54:48,29.1184,
21,Apr,2013,05:55:02,29.0161,
21,Apr,2013,05:56:03,29.3471,
21,Apr,2013,05:56:50,29.3203,
21,Apr,2013,05:57:03,29.2482,
21,Apr,2013,05:57:44,29.3187,
21,Apr,2013,05:58:02,29.4370,
21,Apr,2013,05:58:49,29.2182,
21,Apr,2013,05:59:04,29.1833,
21,Apr,2013,05:59:47,29.0265,
21,Apr,2013,06:00:04,28.8481,
21,Apr,2013,06:00:56,28.9251,
21,Apr,2013,06:01:03,28.9243,
21,Apr,2013,06:01:52,29.0867,
21,Apr,2013,06:02:03,29.1160,
21,Apr,2013,06:03:03,29.2141,
21,Apr,2013,06:04:02,29.5156,
21,Apr,2013,06:08:35,29.3714,
21,Apr,2013,06:09:02,29.3026,
21,Apr,2013,06:09:20,29.3738,
21,Apr,2013,06:10:05,29.4459,
21,Apr,2013,06:10:46,29.5140,
21,Apr,2013,06:11:02,29.4451,
21,Apr,2013,06:11:46,29.5796,
21,Apr,2013,06:13:03,29.7463,
21,Apr,2013,06:13:57,29.8499,
21,Apr,2013,06:15:02,29.9792,
21,Apr,2013,06:16:02,30.2575,
21,Apr,2013,06:17:02,29.9195,
21,Apr,2013,06:18:02,30.0562,
21,Apr,2013,06:19:02,30.0894,
21,Apr,2013,06:21:02,30.0653,
21,Apr,2013,06:25:06,29.8778,
21,Apr,2013,06:25:16,29.8770,
21,Apr,2013,06:25:49,29.7434,
21,Apr,2013,06:26:03,29.6729,
21,Apr,2013,06:26:51,29.8065,
21,Apr,2013,06:27:07,29.7368,
21,Apr,2013,06:27:45,30.2111,
21,Apr,2013,06:28:06,29.8057,
21,Apr,2013,06:28:43,29.9732,
21,Apr,2013,06:29:02,29.9052,
21,Apr,2013,06:29:54,30.2923,
21,Apr,2013,06:30:04,30.3661,
21,Apr,2013,06:30:45,29.8569,
21,Apr,2013,06:31:03,30.0991,
21,Apr,2013,06:31:45,30.0193,
21,Apr,2013,06:32:05,29.8556,
21,Apr,2013,06:32:48,29.3094,
21,Apr,2013,06:33:02,29.2452,
21,Apr,2013,06:33:42,29.1039,
21,Apr,2013,06:34:03,29.3022,
21,Apr,2013,06:34:47,29.3696,
21,Apr,2013,06:35:05,29.3704,
21,Apr,2013,06:35:49,29.2981,
21,Apr,2013,06:36:03,29.3712,
21,Apr,2013,06:36:43,29.2388,
21,Apr,2013,06:37:01,29.1673,
21,Apr,2013,06:37:40,29.4036,
21,Apr,2013,06:38:06,29.5773,
21,Apr,2013,06:38:46,29.2307,
21,Apr,2013,06:39:02,29.3639,
21,Apr,2013,06:40:02,29.3655,
21,Apr,2013,06:39:46,29.2251,
21,Apr,2013,06:41:05,,
21,Apr,2013,06:42:02,29.0356,
21,Apr,2013,06:42:46,28.5063,
21,Apr,2013,06:43:04,28.5731,
21,Apr,2013,06:43:46,28.3679,
21,Apr,2013,06:44:02,28.4340,
21,Apr,2013,06:44:44,28.9022,
21,Apr,2013,06:45:01,28.9046,
21,Apr,2013,06:45:45,28.6384,
21,Apr,2013,06:46:02,28.7648,
21,Apr,2013,06:46:43,28.7656,
21,Apr,2013,06:47:03,28.9649,
21,Apr,2013,06:47:52,28.8998,
21,Apr,2013,06:48:04,28.8291,
21,Apr,2013,06:48:44,28.8260,
21,Apr,2013,06:49:02,29.0975,
21,Apr,2013,06:49:45,29.3736,
21,Apr,2013,06:50:02,29.0364,
21,Apr,2013,06:50:48,29.3118,
21,Apr,2013,06:51:03,29.2825,
21,Apr,2013,06:51:49,29.3728,
21,Apr,2013,06:52:02,29.2680,
21,Apr,2013,06:52:43,29.3663,
21,Apr,2013,06:53:02,29.5733,
21,Apr,2013,06:55:58,29.4654,
21,Apr,2013,06:56:06,29.4629,
21,Apr,2013,06:56:45,29.5627,
21,Apr,2013,06:57:05,29.6374,
21,Apr,2013,06:57:51,29.6714,
21,Apr,2013,07:04:57,28.7870,
21,Apr,2013,07:05:07,28.9245,
21,Apr,2013,07:05:40,28.7536,
21,Apr,2013,07:05:53,28.5197,
21,Apr,2013,07:06:04,28.3190,
21,Apr,2013,07:06:41,28.3415,
21,Apr,2013,07:07:04,28.1361,
21,Apr,2013,07:07:54,28.0395,
21,Apr,2013,07:08:03,28.5095,
21,Apr,2013,07:08:49,28.0964,
21,Apr,2013,07:09:02,28.1672,
21,Apr,2013,07:09:46,28.0271,
21,Apr,2013,07:10:05,28.1330,
21,Apr,2013,07:10:51,28.3352,
21,Apr,2013,07:12:02,28.1859,
21,Apr,2013,07:13:02,28.0754,
21,Apr,2013,07:14:03,28.7283,
21,Apr,2013,07:15:05,28.8815,
21,Apr,2013,07:16:02,29.5108,
21,Apr,2013,07:17:02,28.7767,
21,Apr,2013,07:18:04,28.5926,
21,Apr,2013,07:19:02,28.2416,
21,Apr,2013,07:20:07,28.5608,
21,Apr,2013,07:20:33,28.5679,
21,Apr,2013,07:21:02,28.9657,
21,Apr,2013,07:22:02,28.6486,
21,Apr,2013,07:23:05,28.1921,
21,Apr,2013,07:23:59,28.9182,
21,Apr,2013,07:24:03,28.4803,
21,Apr,2013,07:24:57,27.9449,
21,Apr,2013,07:26:00,27.9965,
21,Apr,2013,07:26:03,28.1360,
21,Apr,2013,07:28:02,28.0814,
21,Apr,2013,07:30:33,28.4039,
21,Apr,2013,07:31:21,27.9272,
21,Apr,2013,07:31:26,27.8250,
21,Apr,2013,07:31:34,27.7930,
21,Apr,2013,07:32:02,27.7213,
21,Apr,2013,07:32:20,27.9218,
21,Apr,2013,07:32:44,28.3992,
21,Apr,2013,07:33:02,28.4016,
21,Apr,2013,07:33:50,27.9210,
21,Apr,2013,07:34:06,27.7845,
21,Apr,2013,07:34:52,27.9148,
21,Apr,2013,07:35:06,27.9795,
21,Apr,2013,07:35:57,27.9648,
21,Apr,2013,07:36:06,28.1633,
21,Apr,2013,07:37:05,28.7505,
21,Apr,2013,07:38:04,28.5750,
21,Apr,2013,07:38:54,29.1328,
21,Apr,2013,07:40:05,29.3819,
21,Apr,2013,07:41:04,29.6152,
21,Apr,2013,07:41:13,29.7414,
21,Apr,2013,07:42:03,29.6984,
21,Apr,2013,07:42:16,29.7042,
21,Apr,2013,07:43:05,29.1752,
21,Apr,2013,07:43:48,29.0494,
21,Apr,2013,07:44:02,29.0843,
21,Apr,2013,07:44:46,29.1516,
21,Apr,2013,07:45:05,29.0566,
21,Apr,2013,07:45:47,28.8084,
21,Apr,2013,07:46:06,28.9821,
21,Apr,2013,07:46:52,29.1865,
21,Apr,2013,07:47:10,29.0542,
21,Apr,2013,07:47:55,28.9853,
21,Apr,2013,07:49:01,28.9131,
21,Apr,2013,07:49:47,29.5140,
21,Apr,2013,07:51:02,29.5180,
21,Apr,2013,07:51:47,29.5893,
21,Apr,2013,07:52:02,29.3852,
21,Apr,2013,07:54:48,29.2508,
21,Apr,2013,07:55:31,29.5196,
21,Apr,2013,07:55:44,29.4500,
21,Apr,2013,07:56:04,29.4791,
21,Apr,2013,07:56:33,,
21,Apr,2013,07:56:48,30.5733,
21,Apr,2013,07:57:02,31.0314,
21,Apr,2013,07:57:43,31.3627,
21,Apr,2013,07:58:05,31.0246,
21,Apr,2013,07:58:49,31.1420,
21,Apr,2013,07:59:05,31.4105,
21,Apr,2013,07:59:54,31.5292,
21,Apr,2013,08:00:09,32.0253,
21,Apr,2013,08:00:52,32.1831,
21,Apr,2013,08:01:02,32.3160,
21,Apr,2013,08:02:02,32.1477,
21,Apr,2013,08:02:45,32.3859,
21,Apr,2013,08:03:04,32.5266,
21,Apr,2013,08:03:48,32.0607,
21,Apr,2013,08:04:03,31.9277,
21,Apr,2013,08:04:54,31.7955,
21,Apr,2013,08:05:03,31.9995,
21,Apr,2013,08:06:02,31.8197,
21,Apr,2013,08:06:50,31.8586,
21,Apr,2013,08:07:02,31.8162,
21,Apr,2013,08:08:01,32.4000,
21,Apr,2013,08:08:43,31.9995,
21,Apr,2013,08:09:06,31.8638,
21,Apr,2013,08:09:48,31.8327,
21,Apr,2013,08:10:02,31.8301,
21,Apr,2013,08:10:44,31.8103,
21,Apr,2013,08:11:06,31.6702,
21,Apr,2013,08:11:50,31.6096,
21,Apr,2013,08:12:02,31.5361,
21,Apr,2013,08:12:46,31.9251,
21,Apr,2013,08:13:06,32.0537,
21,Apr,2013,08:13:50,31.9303,
21,Apr,2013,08:14:02,31.7972,
21,Apr,2013,08:14:49,31.9027,
21,Apr,2013,08:15:04,31.8681,
21,Apr,2013,08:15:47,31.9719,
21,Apr,2013,08:16:02,32.0738,
21,Apr,2013,08:16:45,31.8007,
21,Apr,2013,08:17:02,31.9001,
21,Apr,2013,08:17:49,31.8033,
21,Apr,2013,08:18:02,31.7393,
21,Apr,2013,08:18:50,31.8795,
21,Apr,2013,08:19:02,31.8812,
21,Apr,2013,08:19:45,32.3512,
21,Apr,2013,08:20:04,32.2944,
21,Apr,2013,08:20:46,31.7965,
21,Apr,2013,08:21:03,31.8285,
21,Apr,2013,08:21:46,31.6165,
21,Apr,2013,08:22:02,31.5576,
21,Apr,2013,08:22:50,31.6892,
21,Apr,2013,08:23:03,31.6874,
21,Apr,2013,08:23:49,31.7454,
21,Apr,2013,08:26:02,32.0387,
21,Apr,2013,08:27:02,31.7723,
21,Apr,2013,08:28:02,31.5834,
21,Apr,2013,08:24:02,31.8483,
21,Apr,2013,08:29:02,31.5098,
21,Apr,2013,08:30:06,31.7991,
21,Apr,2013,08:31:05,31.8614,
21,Apr,2013,08:32:02,31.6622,
21,Apr,2013,08:33:04,31.5081,
21,Apr,2013,08:33:02,31.5766,
21,Apr,2013,08:18:03,26.0415,
21,Apr,2013,09:25:24,26.1489,
21,Apr,2013,09:25:51,26.4473,
21,Apr,2013,09:26:10,26.4761,
21,Apr,2013,09:26:56,27.0697,
21,Apr,2013,09:27:07,26.8626,
21,Apr,2013,09:28:02,28.0375,
21,Apr,2013,09:28:58,28.6173,
21,Apr,2013,09:29:08,28.7797,
21,Apr,2013,09:29:52,29.0120,
21,Apr,2013,09:30:02,29.0088,
21,Apr,2013,09:30:50,29.7956,
21,Apr,2013,09:31:03,29.8572,
21,Apr,2013,09:31:48,30.4324,
21,Apr,2013,09:32:05,31.1468,
21,Apr,2013,09:32:56,30.7526,
21,Apr,2013,09:33:03,31.2237,
21,Apr,2013,09:33:50,32.4516,
21,Apr,2013,09:34:02,32.2455,
21,Apr,2013,09:35:02,31.7601,
21,Apr,2013,09:35:51,32.2538,
21,Apr,2013,09:36:04,32.0157,
21,Apr,2013,09:36:55,32.0408,
21,Apr,2013,09:38:02,32.4431,
21,Apr,2013,09:38:46,32.7500,
21,Apr,2013,09:39:02,32.4120,
21,Apr,2013,09:39:45,32.2735,
21,Apr,2013,09:40:06,32.2718,
21,Apr,2013,09:40:51,32.2718,
21,Apr,2013,09:41:02,32.2709,
21,Apr,2013,09:41:47,32.4600,
21,Apr,2013,09:42:02,32.6587,
21,Apr,2013,09:42:50,32.7871,
21,Apr,2013,09:43:02,32.7854,
21,Apr,2013,09:43:49,33.0492,
21,Apr,2013,09:44:02,33.0855,
21,Apr,2013,09:44:49,33.3836,
21,Apr,2013,09:45:02,33.3164,
21,Apr,2013,09:45:51,33.1837,
21,Apr,2013,09:45:57,33.2809,
21,Apr,2013,09:46:03,33.3136,
21,Apr,2013,09:46:49,34.9927,
21,Apr,2013,09:47:03,33.7194,
21,Apr,2013,09:48:56,33.1801,
21,Apr,2013,09:49:04,33.2782,
21,Apr,2013,09:49:37,33.1792,
21,Apr,2013,09:50:02,33.1801,
21,Apr,2013,09:50:47,33.0564,
21,Apr,2013,09:51:02,33.2909,
21,Apr,2013,09:51:46,33.3881,
21,Apr,2013,09:52:02,33.3581,
21,Apr,2013,09:52:46,33.3353,
21,Apr,2013,09:54:02,33.0644,
21,Apr,2013,09:54:51,32.9289,
21,Apr,2013,09:56:02,32.7960,
21,Apr,2013,09:56:49,32.8032,
21,Apr,2013,09:57:02,32.7748,
21,Apr,2013,09:57:45,32.8085,
21,Apr,2013,09:58:03,32.8768,
21,Apr,2013,09:58:45,33.0159,
21,Apr,2013,09:59:04,33.0505,
21,Apr,2013,09:59:43,32.7536,
21,Apr,2013,10:00:01,32.6862,
21,Apr,2013,10:00:43,32.7243,
21,Apr,2013,10:01:02,32.7571,
21,Apr,2013,10:01:42,32.9930,
21,Apr,2013,10:02:02,32.6871,
21,Apr,2013,10:02:45,32.8937,
21,Apr,2013,10:03:02,32.8308,
21,Apr,2013,10:03:43,32.7562,
21,Apr,2013,10:04:01,32.9212,
21,Apr,2013,10:04:47,75.7359,
21,Apr,2013,10:05:02,83.7335,
21,Apr,2013,10:05:43,34.4884,
21,Apr,2013,10:06:00,33.1523,
21,Apr,2013,10:06:45,33.7306,
21,Apr,2013,10:07:05,33.1227,
21,Apr,2013,10:07:45,32.5174,
21,Apr,2013,10:08:03,32.7181,
21,Apr,2013,10:08:42,32.5077,
21,Apr,2013,10:09:03,32.6098,
21,Apr,2013,10:09:43,33.1138,
21,Apr,2013,10:10:01,32.6427,
21,Apr,2013,10:10:44,32.5814,
21,Apr,2013,10:11:02,32.3121,
21,Apr,2013,10:11:43,32.3148,
21,Apr,2013,10:12:00,32.3876,
21,Apr,2013,10:12:44,31.9855,
21,Apr,2013,10:13:06,32.1884,
21,Apr,2013,10:13:45,32.2213,
21,Apr,2013,10:14:03,32.1840,
21,Apr,2013,10:14:44,32.2560,
21,Apr,2013,10:15:05,32.0488,
21,Apr,2013,10:15:47,32.2437,
21,Apr,2013,10:16:02,32.1779,
21,Apr,2013,10:16:49,32.3468,
21,Apr,2013,10:17:03,32.3139,
21,Apr,2013,10:17:45,32.2792,
21,Apr,2013,10:18:04,32.3503,
21,Apr,2013,10:18:48,32.1121,
21,Apr,2013,10:19:02,32.2472,
21,Apr,2013,10:19:44,32.2108,
21,Apr,2013,10:20:02,32.1086,
21,Apr,2013,10:20:47,32.7110,
21,Apr,2013,10:21:04,32.6791,
21,Apr,2013,10:21:43,32.6444,
21,Apr,2013,10:22:02,32.5103,
21,Apr,2013,10:22:48,32.6089,
21,Apr,2013,10:23:02,32.5405,
21,Apr,2013,10:23:44,32.6737,
21,Apr,2013,10:24:03,32.7794,
21,Apr,2013,10:24:46,32.7066,
21,Apr,2013,10:25:03,32.6418,
21,Apr,2013,10:25:42,32.8512,
21,Apr,2013,10:26:02,32.6497,
21,Apr,2013,10:26:47,33.3222,
21,Apr,2013,10:27:02,33.0499,
21,Apr,2013,10:27:43,33.2530,
21,Apr,2013,10:28:01,33.1209,
21,Apr,2013,10:28:40,33.1919,
21,Apr,2013,10:29:02,33.3949,
21,Apr,2013,10:29:45,33.3985,
21,Apr,2013,10:30:03,33.4013,
21,Apr,2013,10:30:42,33.2382,
21,Apr,2013,10:31:02,32.9330,
21,Apr,2013,10:31:48,33.1362,
21,Apr,2013,10:32:02,33.3056,
21,Apr,2013,10:32:43,33.4013,
21,Apr,2013,10:33:03,33.2692,
21,Apr,2013,10:33:46,33.1069,
21,Apr,2013,10:34:02,33.0404,
21,Apr,2013,10:34:43,33.2984,
21,Apr,2013,10:35:03,33.0971,
21,Apr,2013,10:35:46,33.0359,
21,Apr,2013,10:36:02,32.9037,
21,Apr,2013,10:36:43,32.8078,
21,Apr,2013,10:37:03,32.8655,
21,Apr,2013,10:37:47,32.7394,
21,Apr,2013,10:38:06,32.8105,
21,Apr,2013,10:38:43,32.6816,
21,Apr,2013,10:39:04,32.5154,
21,Apr,2013,10:39:49,32.4157,
21,Apr,2013,10:40:03,32.4096,
21,Apr,2013,10:40:43,32.3837,
21,Apr,2013,10:41:03,32.2823,
21,Apr,2013,10:41:44,32.5189,
21,Apr,2013,10:42:03,32.5465,
21,Apr,2013,10:42:41,32.6043,
21,Apr,2013,10:43:02,32.4977,
21,Apr,2013,10:43:43,32.8096,
21,Apr,2013,10:44:02,32.7056,
21,Apr,2013,10:44:45,32.6790,
21,Apr,2013,10:45:05,32.8105,
21,Apr,2013,10:45:48,32.6158,
21,Apr,2013,10:46:02,32.6861,
21,Apr,2013,10:46:43,32.6523,
21,Apr,2013,10:47:02,32.6203,
21,Apr,2013,10:47:47,32.6256,
21,Apr,2013,10:48:06,32.6238,
21,Apr,2013,10:48:46,32.5321,
21,Apr,2013,10:49:03,32.5971,
21,Apr,2013,10:49:41,32.5027,
21,Apr,2013,10:50:02,32.4298,
21,Apr,2013,10:50:41,32.5677,
21,Apr,2013,10:51:02,32.5695,
21,Apr,2013,10:51:42,32.3666,
21,Apr,2013,10:52:02,32.6949,
21,Apr,2013,10:52:40,32.6967,
21,Apr,2013,10:53:02,32.5962,
21,Apr,2013,10:53:41,32.4974,
21,Apr,2013,10:54:02,32.5668,
21,Apr,2013,10:54:41,32.7722,
21,Apr,2013,10:55:02,32.6709,
21,Apr,2013,10:55:45,32.5650,
21,Apr,2013,10:56:04,32.5027,
21,Apr,2013,10:56:45,32.6388,
21,Apr,2013,10:57:02,32.6406,
21,Apr,2013,10:57:41,32.6415,
21,Apr,2013,10:58:02,32.5045,
21,Apr,2013,10:58:48,32.5703,
21,Apr,2013,10:59:02,32.6041,
21,Apr,2013,10:59:44,32.7980,
21,Apr,2013,11:00:04,33.0335,
21,Apr,2013,11:00:50,32.8336,
21,Apr,2013,11:02:02,32.7020,
21,Apr,2013,11:02:47,32.9349,
21,Apr,2013,11:03:04,32.9011,
21,Apr,2013,11:03:46,32.9011,
21,Apr,2013,11:04:05,32.8345,
21,Apr,2013,11:04:48,32.7029,
21,Apr,2013,11:05:02,32.7367,
21,Apr,2013,11:05:43,32.8975,
21,Apr,2013,11:06:03,32.8345,
21,Apr,2013,11:06:46,32.7998,
21,Apr,2013,11:07:06,32.6976,
21,Apr,2013,11:07:46,32.6362,
21,Apr,2013,11:08:04,32.7055,
21,Apr,2013,11:08:42,32.5009,
21,Apr,2013,11:09:02,32.5659,
21,Apr,2013,11:09:40,32.5062,
21,Apr,2013,11:10:02,32.3050,
21,Apr,2013,11:10:48,32.4395,
21,Apr,2013,11:11:02,32.6335,
21,Apr,2013,11:11:42,32.9669,
21,Apr,2013,11:12:03,32.9597,
21,Apr,2013,11:12:47,33.0920,
21,Apr,2013,11:13:02,33.1914,
21,Apr,2013,11:13:43,33.0920,
21,Apr,2013,11:14:02,33.0219,
21,Apr,2013,11:15:03,33.2225,
21,Apr,2013,11:16:02,33.0875,
21,Apr,2013,11:16:08,33.0858,
21,Apr,2013,11:16:43,32.9544,
21,Apr,2013,11:17:05,32.7296,
21,Apr,2013,11:17:45,32.2347,
21,Apr,2013,11:18:05,32.3666,
21,Apr,2013,11:18:49,32.4377,
21,Apr,2013,11:19:02,32.3692,
21,Apr,2013,11:19:43,32.2694,
21,Apr,2013,11:20:02,32.2998,
21,Apr,2013,11:20:43,32.3042,
21,Apr,2013,11:21:04,32.0334,
21,Apr,2013,11:21:46,31.9300,
21,Apr,2013,11:22:05,31.8962,
21,Apr,2013,11:22:50,31.8275,
21,Apr,2013,11:23:02,31.8258,
21,Apr,2013,11:23:43,32.0950,
21,Apr,2013,11:24:02,31.8241,
21,Apr,2013,11:24:49,31.8241,
21,Apr,2013,11:25:02,31.9274,
21,Apr,2013,11:25:43,31.7563,
21,Apr,2013,11:26:03,31.6486,
21,Apr,2013,11:26:44,32.1175,
21,Apr,2013,11:27:02,32.1852,
21,Apr,2013,11:27:42,32.0082,
21,Apr,2013,11:28:02,32.0116,
21,Apr,2013,11:28:44,31.9457,
21,Apr,2013,11:29:04,32.0160,
21,Apr,2013,11:29:45,32.4078,
21,Apr,2013,11:30:04,32.4745,
21,Apr,2013,11:30:50,32.5465,
21,Apr,2013,11:31:02,32.5794,
21,Apr,2013,11:31:42,32.6105,
21,Apr,2013,11:32:02,32.5439,
21,Apr,2013,11:32:47,32.3108,
21,Apr,2013,11:33:02,32.4798,
21,Apr,2013,11:33:43,32.3516,
21,Apr,2013,11:34:03,32.4184,
21,Apr,2013,11:34:46,32.3481,
21,Apr,2013,11:35:05,32.2814,
21,Apr,2013,11:35:42,32.4886,
21,Apr,2013,11:36:02,32.3569,
21,Apr,2013,11:36:49,32.4193,
21,Apr,2013,11:37:02,32.4877,
21,Apr,2013,11:37:42,32.2875,
21,Apr,2013,11:38:02,32.4460,
21,Apr,2013,11:38:45,33.0884,
21,Apr,2013,11:39:04,32.7856,
21,Apr,2013,11:39:43,32.9144,
21,Apr,2013,11:40:02,32.7474,
21,Apr,2013,11:40:47,32.8869,
21,Apr,2013,11:41:02,32.8851,
21,Apr,2013,11:41:48,32.6505,
21,Apr,2013,11:42:01,32.6185,
21,Apr,2013,11:42:47,32.7456,
21,Apr,2013,11:43:01,32.8824,
21,Apr,2013,11:43:42,32.5509,
21,Apr,2013,11:44:02,32.5545,
21,Apr,2013,11:44:43,32.5242,
21,Apr,2013,11:45:02,32.5615,
21,Apr,2013,11:45:43,32.4904,
21,Apr,2013,11:46:03,32.7918,
21,Apr,2013,11:46:47,32.6914,
21,Apr,2013,11:47:02,32.6852,
21,Apr,2013,11:47:42,32.9206,
21,Apr,2013,11:48:02,33.0920,
21,Apr,2013,11:48:42,33.1568,
21,Apr,2013,11:49:04,33.2890,
21,Apr,2013,11:49:44,32.9872,
21,Apr,2013,11:50:02,32.7500,
21,Apr,2013,11:50:46,32.8487,
21,Apr,2013,11:51:01,32.8815,
21,Apr,2013,11:51:41,32.7838,
21,Apr,2013,11:52:02,32.6150,
21,Apr,2013,11:52:43,32.6487,
21,Apr,2013,11:53:04,32.6505,
21,Apr,2013,11:53:45,32.8158,
21,Apr,2013,11:54:05,32.6167,
21,Apr,2013,11:54:45,32.7492,
21,Apr,2013,11:55:03,32.7838,
21,Apr,2013,11:55:42,33.0476,
21,Apr,2013,11:56:02,33.4184,
21,Apr,2013,11:56:44,33.0183,
21,Apr,2013,11:57:04,33.0192,
21,Apr,2013,11:57:45,32.9508,
21,Apr,2013,11:58:04,33.1204,
21,Apr,2013,11:58:46,33.0210,
21,Apr,2013,11:59:05,33.0237,
21,Apr,2013,11:59:45,32.8869,
21,Apr,2013,12:00:05,32.8220,
21,Apr,2013,12:00:52,32.9224,
21,Apr,2013,12:01:02,33.0574,
21,Apr,2013,12:01:42,33.2872,
21,Apr,2013,12:02:02,33.0858,
21,Apr,2013,12:02:42,32.9917,
21,Apr,2013,12:03:02,32.9579,
21,Apr,2013,12:03:45,32.8265,
21,Apr,2013,12:04:04,32.8273,
21,Apr,2013,12:04:47,32.8958,
21,Apr,2013,12:05:02,32.8949,
21,Apr,2013,12:05:43,32.8282,
21,Apr,2013,12:06:03,32.8949,
21,Apr,2013,12:06:47,33.0299,
21,Apr,2013,12:07:01,32.9642,
21,Apr,2013,12:07:41,32.9313,
21,Apr,2013,12:08:02,32.8300,
21,Apr,2013,12:08:47,33.0254,
21,Apr,2013,12:09:05,32.9953,
21,Apr,2013,12:09:43,33.2962,
21,Apr,2013,12:10:02,33.3007,
21,Apr,2013,12:10:44,33.0619,
21,Apr,2013,12:11:02,33.3236,
21,Apr,2013,12:11:42,33.5668,
21,Apr,2013,12:12:02,33.4684,
21,Apr,2013,12:12:50,33.3034,
21,Apr,2013,12:13:02,33.2404,
21,Apr,2013,12:13:41,33.0406,
21,Apr,2013,12:14:02,33.1383,
21,Apr,2013,12:14:41,33.1090,
21,Apr,2013,12:15:02,33.0424,
21,Apr,2013,12:15:44,32.9100,
21,Apr,2013,12:16:04,32.9811,
21,Apr,2013,12:16:48,32.6477,
21,Apr,2013,12:17:02,32.5142,
21,Apr,2013,12:17:42,32.6503,
21,Apr,2013,12:18:02,32.6512,
21,Apr,2013,12:18:47,32.5506,
21,Apr,2013,12:19:02,32.6530,
21,Apr,2013,12:19:43,32.7864,
21,Apr,2013,12:20:04,32.8496,
21,Apr,2013,12:20:45,32.7170,
21,Apr,2013,12:21:02,32.6156,
21,Apr,2013,12:21:41,32.8496,
21,Apr,2013,12:22:02,32.9180,
21,Apr,2013,12:22:44,33.1099,
21,Apr,2013,12:23:02,33.1738,
21,Apr,2013,12:23:42,33.0344,
21,Apr,2013,12:24:03,33.1676,
21,Apr,2013,12:24:45,33.3043,
21,Apr,2013,12:25:03,33.2359,
21,Apr,2013,12:25:42,33.3699,
21,Apr,2013,12:26:02,33.3061,
21,Apr,2013,12:26:41,33.5313,
21,Apr,2013,12:27:02,33.3645,
21,Apr,2013,12:27:44,33.9327,
21,Apr,2013,12:28:04,34.0318,
21,Apr,2013,12:28:50,33.8889,
21,Apr,2013,12:29:02,33.8235,
21,Apr,2013,12:29:44,33.9226,
21,Apr,2013,12:30:04,33.8271,
21,Apr,2013,12:30:47,33.6943,
21,Apr,2013,12:31:01,33.6269,
21,Apr,2013,12:31:42,33.6952,
21,Apr,2013,12:32:03,33.6961,
21,Apr,2013,12:32:43,33.4593,
21,Apr,2013,12:33:02,33.7525,
21,Apr,2013,12:33:43,33.9853,
21,Apr,2013,12:34:02,33.8844,
21,Apr,2013,12:34:43,34.0180,
21,Apr,2013,12:35:04,33.8134,
21,Apr,2013,12:35:44,33.8098,
21,Apr,2013,12:36:04,33.8798,
21,Apr,2013,12:36:49,33.7188,
21,Apr,2013,12:37:06,33.5486,
21,Apr,2013,12:37:47,33.4813,
21,Apr,2013,12:38:01,33.4840,
21,Apr,2013,12:38:42,33.4867,
21,Apr,2013,12:39:02,33.4184,
21,Apr,2013,12:39:43,33.7498,
21,Apr,2013,12:40:03,33.5168,
21,Apr,2013,12:40:50,33.7161,
21,Apr,2013,12:41:03,33.7534,
21,Apr,2013,12:41:44,33.6861,
21,Apr,2013,12:42:04,33.6169,
21,Apr,2013,12:42:46,33.9562,
21,Apr,2013,12:43:02,33.8180,
21,Apr,2013,12:43:45,33.7197,
21,Apr,2013,12:44:04,33.7570,
21,Apr,2013,12:44:45,33.6551,
21,Apr,2013,12:45:04,33.4247,
21,Apr,2013,12:45:43,33.5550,
21,Apr,2013,12:46:03,33.4912,
21,Apr,2013,12:46:46,33.4293,
21,Apr,2013,12:47:04,33.4949,
21,Apr,2013,12:47:43,33.8362,
21,Apr,2013,12:48:03,33.8362,
21,Apr,2013,12:48:44,34.0046,
21,Apr,2013,12:49:05,33.9081,
21,Apr,2013,12:49:47,33.8308,
21,Apr,2013,12:50:02,33.8308,
21,Apr,2013,12:50:42,33.9627,
21,Apr,2013,12:52:28,33.4392,
21,Apr,2013,12:53:02,33.6396,
21,Apr,2013,12:53:21,33.5740,
21,Apr,2013,12:53:42,33.3708,
21,Apr,2013,12:54:02,33.4410,
21,Apr,2013,12:54:52,33.3699,
21,Apr,2013,12:55:06,33.3016,
21,Apr,2013,12:55:43,33.7671,
21,Apr,2013,12:56:02,33.8408,
21,Apr,2013,12:56:49,33.7671,
21,Apr,2013,12:57:02,33.8362,
21,Apr,2013,12:57:44,33.9736,
21,Apr,2013,12:58:04,34.0419,
21,Apr,2013,12:58:46,34.2327,
21,Apr,2013,12:59:05,34.2999,
21,Apr,2013,12:59:43,34.1691,
21,Apr,2013,13:00:02,34.0364,
21,Apr,2013,13:00:45,34.5155,
21,Apr,2013,13:02:02,34.0437,
21,Apr,2013,13:02:51,34.1101,
21,Apr,2013,13:04:02,34.1792,
21,Apr,2013,13:04:45,34.1802,
21,Apr,2013,13:05:04,34.1129,
21,Apr,2013,13:05:43,34.3783,
21,Apr,2013,13:06:05,34.2447,
21,Apr,2013,13:06:47,34.3129,
21,Apr,2013,13:07:02,34.3820,
21,Apr,2013,13:07:43,34.2530,
21,Apr,2013,13:08:02,34.1903,
21,Apr,2013,13:08:46,34.2567,
21,Apr,2013,13:09:02,34.2239,
21,Apr,2013,13:09:43,34.3520,
21,Apr,2013,13:10:02,34.3184,
21,Apr,2013,13:10:49,34.2567,
21,Apr,2013,13:11:02,34.3548,
21,Apr,2013,13:11:46,34.3240,
21,Apr,2013,13:12:05,34.3838,
21,Apr,2013,13:12:49,34.3912,
21,Apr,2013,13:13:02,34.3230,
21,Apr,2013,13:13:43,34.3912,
21,Apr,2013,13:14:03,34.3567,
21,Apr,2013,13:14:41,34.4258,
21,Apr,2013,13:15:02,34.4603,
21,Apr,2013,13:15:45,34.5229,
21,Apr,2013,13:16:04,34.4603,
21,Apr,2013,13:16:43,34.3631,
21,Apr,2013,13:17:02,34.2640,
21,Apr,2013,13:17:48,34.2977,
21,Apr,2013,13:18:03,34.3631,
21,Apr,2013,13:18:43,34.2631,
21,Apr,2013,13:19:02,34.2659,
21,Apr,2013,13:19:44,34.3968,
21,Apr,2013,13:20:02,34.3968,
21,Apr,2013,13:20:43,34.3323,
21,Apr,2013,13:21:03,34.2668,
21,Apr,2013,13:21:44,34.2733,
21,Apr,2013,13:22:02,33.9720,
21,Apr,2013,13:22:42,33.6404,
21,Apr,2013,13:23:02,33.6085,
21,Apr,2013,13:23:47,33.4771,
21,Apr,2013,13:24:02,33.6130,
21,Apr,2013,13:24:43,33.6786,
21,Apr,2013,13:25:02,33.4150,
21,Apr,2013,13:25:43,32.9367,
21,Apr,2013,13:26:01,33.0043,
21,Apr,2013,13:26:42,33.1395,
21,Apr,2013,13:27:02,33.4096,
21,Apr,2013,13:27:44,33.0737,
21,Apr,2013,13:28:05,33.0737,
21,Apr,2013,13:28:45,33.0115,
21,Apr,2013,13:29:05,33.0799,
21,Apr,2013,13:29:49,33.5145,
21,Apr,2013,13:30:03,33.8801,
21,Apr,2013,13:30:46,33.8819,
21,Apr,2013,13:31:05,33.8145,
21,Apr,2013,13:31:48,33.7488,
21,Apr,2013,13:32:03,33.6805,
21,Apr,2013,13:32:44,33.8837,
21,Apr,2013,13:33:03,34.6937,
21,Apr,2013,13:33:55,34.0158,
21,Apr,2013,13:34:06,34.0149,
21,Apr,2013,13:34:34,34.0149,
21,Apr,2013,13:35:02,34.4489,
21,Apr,2013,13:35:29,34.8525,
21,Apr,2013,13:36:02,33.7470,
21,Apr,2013,13:36:30,33.2070,
21,Apr,2013,13:37:02,33.6805,
21,Apr,2013,13:37:29,33.4132,
21,Apr,2013,13:38:02,33.7178,
21,Apr,2013,13:38:47,33.4132,
21,Apr,2013,13:40:02,32.9376,
21,Apr,2013,13:40:49,32.6636,
21,Apr,2013,13:41:02,32.6556,
21,Apr,2013,13:41:46,32.6165,
21,Apr,2013,13:42:06,33.1260,
21,Apr,2013,13:42:49,33.0594,
21,Apr,2013,13:43:02,32.8247,
21,Apr,2013,13:43:44,34.4641,
21,Apr,2013,13:44:04,34.4622,
21,Apr,2013,13:44:48,35.1502,
21,Apr,2013,13:45:02,35.0802,
21,Apr,2013,13:45:43,35.6908,
21,Apr,2013,13:46:02,34.9684,
21,Apr,2013,13:46:48,34.8245,
21,Apr,2013,13:47:06,34.7535,
21,Apr,2013,13:47:47,36.2483,
21,Apr,2013,13:48:02,35.4140,
21,Apr,2013,13:48:42,34.8021,
21,Apr,2013,13:49:02,36.0090,
21,Apr,2013,13:49:44,36.1813,
21,Apr,2013,13:50:06,33.9507,
