21,Apr,2013,04:52:36,49.23,
21,Apr,2013,04:53:02,48.69,
21,Apr,2013,04:53:37,48.69,
21,Apr,2013,04:54:01,49.23,
21,Apr,2013,04:54:44,48.69,
21,Apr,2013,04:54:45,48.69,
21,Apr,2013,04:55:03,48.69,
21,Apr,2013,04:55:10,48.69,
21,Apr,2013,04:55:41,48.69,
21,Apr,2013,04:56:02,49.76,
21,Apr,2013,04:56:41,48.69,
21,Apr,2013,04:57:02,49.76,
21,Apr,2013,04:57:45,50.84,
21,Apr,2013,04:58:02,49.76,
21,Apr,2013,04:58:39,49.23,
21,Apr,2013,04:59:02,48.69,
21,Apr,2013,04:59:41,48.69,
21,Apr,2013,05:00:01,48.69,
21,Apr,2013,05:00:42,48.69,
21,Apr,2013,05:01:02,48.69,
21,Apr,2013,05:01:46,48.69,
21,Apr,2013,05:02:03,48.15,
21,Apr,2013,05:02:43,48.69,
21,Apr,2013,05:03:03,49.23,
21,Apr,2013,05:03:46,48.69,
21,Apr,2013,05:04:03,49.23,
21,Apr,2013,05:04:41,48.69,
21,Apr,2013,05:05:02,48.69,
21,Apr,2013,05:05:45,48.69,
21,Apr,2013,05:06:02,49.23,
21,Apr,2013,05:06:43,48.69,
21,Apr,2013,05:07:04,48.69,
21,Apr,2013,05:07:46,48.69,
21,Apr,2013,05:08:06,48.69,
21,Apr,2013,05:08:46,48.69,
21,Apr,2013,05:09:05,48.69,
21,Apr,2013,05:09:46,48.15,
21,Apr,2013,05:11:02,47.61,
21,Apr,2013,05:11:44,47.61,
21,Apr,2013,05:12:01,47.61,
21,Apr,2013,05:12:42,48.15,
21,Apr,2013,05:13:02,48.69,
21,Apr,2013,05:13:46,48.15,
21,Apr,2013,05:14:06,47.61,
21,Apr,2013,05:14:46,48.15,
21,Apr,2013,05:15:06,47.61,
21,Apr,2013,05:15:46,48.15,
21,Apr,2013,05:16:05,47.61,
21,Apr,2013,05:16:45,48.69,
21,Apr,2013,05:17:05,48.69,
21,Apr,2013,05:17:51,48.69,
21,Apr,2013,05:18:03,48.69,
21,Apr,2013,05:18:44,48.69,
21,Apr,2013,05:19:04,48.69,
21,Apr,2013,05:19:47,48.69,
21,Apr,2013,05:20:01,48.69,
21,Apr,2013,05:20:42,48.69,
21,Apr,2013,05:21:03,48.69,
21,Apr,2013,05:21:47,48.15,
21,Apr,2013,05:22:02,48.69,
21,Apr,2013,05:22:43,48.69,
21,Apr,2013,05:23:03,48.69,
21,Apr,2013,05:23:47,47.61,
21,Apr,2013,05:24:02,48.69,
21,Apr,2013,05:24:43,48.15,
21,Apr,2013,05:25:03,47.61,
21,Apr,2013,05:25:44,48.69,
21,Apr,2013,05:26:04,48.15,
21,Apr,2013,05:26:41,47.61,
21,Apr,2013,05:27:02,47.61,
21,Apr,2013,05:27:47,48.69,
21,Apr,2013,05:28:02,48.69,
21,Apr,2013,05:28:43,47.61,
21,Apr,2013,05:29:02,48.69,
21,Apr,2013,05:29:46,48.15,
21,Apr,2013,05:30:02,48.69,
21,Apr,2013,05:30:43,48.69,
21,Apr,2013,05:31:03,49.76,
21,Apr,2013,05:31:54,50.30,
21,Apr,2013,05:32:02,49.76,
21,Apr,2013,05:32:44,48.69,
21,Apr,2013,05:33:03,48.69,
21,Apr,2013,05:33:41,48.69,
21,Apr,2013,05:34:01,48.69,
21,Apr,2013,05:34:41,47.61,
21,Apr,2013,05:35:02,48.15,
21,Apr,2013,05:35:42,48.69,
21,Apr,2013,05:36:03,49.23,
21,Apr,2013,05:36:45,49.76,
21,Apr,2013,05:37:05,50.30,
21,Apr,2013,05:37:50,50.84,
21,Apr,2013,05:38:03,50.30,
21,Apr,2013,05:39:04,49.23,
21,Apr,2013,05:39:51,48.69,
21,Apr,2013,05:40:09,48.69,
21,Apr,2013,05:40:37,47.61,
21,Apr,2013,05:41:02,48.15,
21,Apr,2013,05:41:30,48.15,
21,Apr,2013,05:42:02,47.61,
21,Apr,2013,05:42:30,47.61,
21,Apr,2013,05:43:02,47.07,
21,Apr,2013,05:43:32,47.07,
21,Apr,2013,05:44:08,47.07,
21,Apr,2013,05:44:35,47.61,
21,Apr,2013,05:45:02,46.54,
21,Apr,2013,05:47:00,47.61,
21,Apr,2013,05:47:47,47.07,
21,Apr,2013,05:48:05,47.61,
21,Apr,2013,05:48:48,47.07,
21,Apr,2013,05:49:02,47.07,
21,Apr,2013,05:49:43,46.54,
21,Apr,2013,05:50:02,47.07,
21,Apr,2013,05:50:46,47.07,
21,Apr,2013,05:52:02,46.00,
21,Apr,2013,05:52:46,46.54,
21,Apr,2013,05:53:03,46.54,
21,Apr,2013,05:53:45,48.69,
21,Apr,2013,05:54:02,48.69,
21,Apr,2013,05:54:48,48.69,
21,Apr,2013,05:56:03,49.23,
21,Apr,2013,05:56:50,48.69,
21,Apr,2013,05:57:03,49.23,
21,Apr,2013,05:57:44,47.07,
21,Apr,2013,05:58:02,47.61,
21,Apr,2013,05:58:49,48.69,
21,Apr,2013,05:59:04,48.69,
21,Apr,2013,05:59:47,48.69,
21,Apr,2013,06:00:04,49.23,
21,Apr,2013,06:01:03,48.69,
21,Apr,2013,06:08:35,46.54,
21,Apr,2013,06:09:02,46.54,
21,Apr,2013,06:09:20,46.54,
21,Apr,2013,06:10:05,47.07,
21,Apr,2013,06:10:46,46.54,
21,Apr,2013,06:11:02,47.61,
21,Apr,2013,06:11:46,48.69,
21,Apr,2013,06:13:03,48.69,
21,Apr,2013,06:13:57,49.76,
21,Apr,2013,06:15:02,49.76,
21,Apr,2013,06:16:02,49.76,
21,Apr,2013,06:17:02,49.76,
21,Apr,2013,06:25:06,48.69,
21,Apr,2013,06:25:16,48.69,
21,Apr,2013,06:25:49,48.69,
21,Apr,2013,06:26:03,48.69,
21,Apr,2013,06:27:07,48.69,
21,Apr,2013,06:27:45,48.69,
21,Apr,2013,06:28:06,48.69,
21,Apr,2013,06:28:43,48.15,
21,Apr,2013,06:29:02,47.61,
21,Apr,2013,06:29:54,47.61,
21,Apr,2013,06:30:04,48.15,
21,Apr,2013,06:30:45,47.61,
21,Apr,2013,06:31:03,48.15,
21,Apr,2013,06:31:45,47.61,
21,Apr,2013,06:32:05,48.69,
21,Apr,2013,06:32:48,47.61,
21,Apr,2013,06:33:02,48.15,
21,Apr,2013,06:33:42,48.15,
21,Apr,2013,06:34:03,48.69,
21,Apr,2013,06:34:47,48.15,
21,Apr,2013,06:35:05,47.61,
21,Apr,2013,06:35:49,47.61,
21,Apr,2013,06:36:03,47.61,
21,Apr,2013,06:36:43,47.07,
21,Apr,2013,06:37:01,47.61,
21,Apr,2013,06:37:40,47.61,
21,Apr,2013,06:38:06,47.61,
21,Apr,2013,06:38:46,48.15,
21,Apr,2013,06:39:02,48.69,
21,Apr,2013,06:40:02,48.15,
21,Apr,2013,06:39:46,48.15,
21,Apr,2013,06:41:05,47.61,
21,Apr,2013,06:42:02,47.61,
21,Apr,2013,06:42:46,48.15,
21,Apr,2013,06:43:04,48.15,
21,Apr,2013,06:43:46,48.15,
21,Apr,2013,06:44:02,48.69,
21,Apr,2013,06:44:44,47.61,
21,Apr,2013,06:45:01,47.61,
21,Apr,2013,06:45:45,47.07,
21,Apr,2013,06:46:02,48.15,
21,Apr,2013,06:46:43,48.15,
21,Apr,2013,06:47:03,47.61,
21,Apr,2013,06:48:04,47.61,
21,Apr,2013,06:48:44,47.61,
21,Apr,2013,06:49:02,47.61,
21,Apr,2013,06:49:45,47.61,
21,Apr,2013,06:50:02,48.15,
21,Apr,2013,06:50:48,47.61,
21,Apr,2013,06:51:03,48.15,
21,Apr,2013,06:51:49,48.15,
21,Apr,2013,06:52:02,47.07,
21,Apr,2013,06:52:43,47.07,
21,Apr,2013,06:53:02,47.61,
21,Apr,2013,06:55:58,47.61,
21,Apr,2013,06:56:45,47.61,
21,Apr,2013,06:57:05,48.15,
21,Apr,2013,07:04:57,40.08,
21,Apr,2013,07:05:07,41.16,
21,Apr,2013,07:05:40,41.16,
21,Apr,2013,07:06:04,42.23,
21,Apr,2013,07:06:41,42.23,
21,Apr,2013,07:07:04,42.77,
21,Apr,2013,07:07:54,43.31,
21,Apr,2013,07:08:03,43.31,
21,Apr,2013,07:08:49,43.31,
21,Apr,2013,07:09:02,43.85,
21,Apr,2013,07:09:46,43.31,
21,Apr,2013,07:10:05,44.38,
21,Apr,2013,07:10:51,44.38,
21,Apr,2013,07:12:02,44.38,
21,Apr,2013,07:13:02,45.46,
21,Apr,2013,07:14:03,46.54,
21,Apr,2013,07:15:05,46.54,
21,Apr,2013,07:16:02,46.54,
21,Apr,2013,07:17:02,46.54,
21,Apr,2013,07:18:04,46.54,
21,Apr,2013,07:19:02,46.54,
21,Apr,2013,07:20:07,46.54,
21,Apr,2013,07:20:33,46.54,
21,Apr,2013,07:21:02,46.54,
21,Apr,2013,07:22:02,46.54,
21,Apr,2013,07:23:05,47.07,
21,Apr,2013,07:24:03,47.07,
21,Apr,2013,07:23:59,48.15,
21,Apr,2013,07:30:33,48.69,
21,Apr,2013,07:31:21,48.15,
21,Apr,2013,07:31:34,48.69,
21,Apr,2013,07:32:02,48.69,
21,Apr,2013,07:32:20,48.69,
21,Apr,2013,07:32:44,48.69,
21,Apr,2013,07:33:02,48.69,
21,Apr,2013,07:33:50,48.69,
21,Apr,2013,07:34:06,48.69,
21,Apr,2013,07:34:52,48.69,
21,Apr,2013,07:35:06,48.69,
21,Apr,2013,07:35:57,48.69,
21,Apr,2013,07:37:05,48.69,
21,Apr,2013,07:38:04,48.69,
21,Apr,2013,07:38:54,48.69,
21,Apr,2013,07:40:05,48.69,
21,Apr,2013,07:41:04,48.15,
21,Apr,2013,07:41:13,48.69,
21,Apr,2013,07:42:16,48.69,
21,Apr,2013,07:43:05,48.69,
21,Apr,2013,07:43:48,48.69,
21,Apr,2013,07:44:02,48.69,
21,Apr,2013,07:44:46,48.15,
21,Apr,2013,07:45:05,48.69,
21,Apr,2013,07:45:47,48.69,
21,Apr,2013,07:46:06,47.61,
21,Apr,2013,07:46:52,48.15,
21,Apr,2013,07:47:10,48.69,
21,Apr,2013,07:47:55,48.15,
21,Apr,2013,07:49:01,47.61,
21,Apr,2013,07:49:47,48.15,
21,Apr,2013,07:51:02,47.07,
21,Apr,2013,07:51:47,47.61,
21,Apr,2013,07:52:02,48.15,
21,Apr,2013,07:54:48,44.38,
21,Apr,2013,07:55:31,44.38,
21,Apr,2013,07:55:44,45.46,
21,Apr,2013,07:56:04,45.46,
21,Apr,2013,07:56:33,45.46,
21,Apr,2013,07:56:48,45.46,
21,Apr,2013,07:57:02,45.46,
21,Apr,2013,07:57:43,46.54,
21,Apr,2013,07:58:05,47.07,
21,Apr,2013,07:58:49,47.07,
21,Apr,2013,07:59:05,46.54,
21,Apr,2013,07:59:54,46.54,
21,Apr,2013,08:00:09,47.61,
21,Apr,2013,08:00:52,47.07,
21,Apr,2013,08:02:02,47.61,
21,Apr,2013,08:02:45,47.07,
21,Apr,2013,08:03:04,47.07,
21,Apr,2013,08:03:48,47.61,
21,Apr,2013,08:04:03,47.61,
21,Apr,2013,08:04:54,47.07,
21,Apr,2013,08:06:02,47.07,
21,Apr,2013,08:06:50,47.07,
21,Apr,2013,08:08:01,47.61,
21,Apr,2013,08:08:43,47.07,
21,Apr,2013,08:09:06,47.61,
21,Apr,2013,08:09:48,47.61,
21,Apr,2013,08:10:02,47.61,
21,Apr,2013,08:10:44,47.61,
21,Apr,2013,08:11:06,47.61,
21,Apr,2013,08:11:50,47.61,
21,Apr,2013,08:12:02,47.07,
21,Apr,2013,08:12:46,47.07,
21,Apr,2013,08:13:06,47.61,
21,Apr,2013,08:13:50,47.61,
21,Apr,2013,08:14:02,47.61,
21,Apr,2013,08:14:49,46.54,
21,Apr,2013,08:15:04,47.61,
21,Apr,2013,08:15:47,47.61,
21,Apr,2013,08:16:02,47.61,
21,Apr,2013,08:16:45,47.07,
21,Apr,2013,08:17:02,47.61,
21,Apr,2013,08:17:49,47.07,
21,Apr,2013,08:18:02,47.07,
21,Apr,2013,08:18:50,47.07,
21,Apr,2013,08:19:02,47.07,
21,Apr,2013,08:19:45,47.61,
21,Apr,2013,08:20:04,47.07,
21,Apr,2013,08:20:46,47.61,
21,Apr,2013,08:21:03,47.07,
21,Apr,2013,08:21:46,47.61,
21,Apr,2013,08:22:02,47.07,
21,Apr,2013,08:22:50,47.61,
21,Apr,2013,08:23:03,47.07,
21,Apr,2013,08:23:49,46.54,
21,Apr,2013,08:26:02,47.07,
21,Apr,2013,08:27:02,47.07,
21,Apr,2013,08:28:02,47.07,
21,Apr,2013,08:24:02,47.07,
21,Apr,2013,08:29:02,46.54,
21,Apr,2013,08:30:06,47.07,
21,Apr,2013,08:32:02,47.07,
21,Apr,2013,08:18:03,34.16,
21,Apr,2013,09:25:24,35.78,
21,Apr,2013,09:25:51,36.85,
21,Apr,2013,09:26:10,37.93,
21,Apr,2013,09:26:56,39.00,
21,Apr,2013,09:28:02,41.16,
21,Apr,2013,09:29:08,42.23,
21,Apr,2013,09:29:52,42.77,
21,Apr,2013,09:30:02,42.77,
21,Apr,2013,09:30:50,43.31,
21,Apr,2013,09:31:03,44.38,
21,Apr,2013,09:31:48,44.38,
21,Apr,2013,09:32:05,44.38,
21,Apr,2013,09:32:56,44.92,
21,Apr,2013,09:33:03,44.38,
21,Apr,2013,09:33:50,45.46,
21,Apr,2013,09:35:02,46.54,
21,Apr,2013,09:35:51,46.54,
21,Apr,2013,09:36:04,46.54,
21,Apr,2013,09:36:55,47.07,
21,Apr,2013,09:38:02,47.07,
21,Apr,2013,09:38:46,47.61,
21,Apr,2013,09:39:02,47.61,
21,Apr,2013,09:39:45,48.15,
21,Apr,2013,09:40:06,47.61,
21,Apr,2013,09:40:51,48.15,
21,Apr,2013,09:41:02,48.69,
21,Apr,2013,09:41:47,48.69,
21,Apr,2013,09:42:02,48.69,
21,Apr,2013,09:42:50,48.69,
21,Apr,2013,09:43:02,48.69,
21,Apr,2013,09:43:49,48.69,
21,Apr,2013,09:44:02,48.69,
21,Apr,2013,09:44:49,49.23,
21,Apr,2013,09:45:02,48.69,
21,Apr,2013,09:27:07,39.00,
21,Apr,2013,09:45:57,49.76,
21,Apr,2013,09:46:03,49.23,
21,Apr,2013,09:46:49,49.23,
21,Apr,2013,09:48:56,49.76,
21,Apr,2013,09:49:37,49.23,
21,Apr,2013,09:50:02,50.30,
21,Apr,2013,09:50:47,50.30,
21,Apr,2013,09:51:02,50.84,
21,Apr,2013,09:51:46,50.84,
21,Apr,2013,09:52:02,50.84,
21,Apr,2013,09:52:46,50.84,
21,Apr,2013,09:54:02,50.84,
21,Apr,2013,09:54:51,50.84,
21,Apr,2013,09:56:02,51.38,
21,Apr,2013,09:56:49,50.84,
21,Apr,2013,09:57:02,51.38,
21,Apr,2013,09:57:45,50.84,
21,Apr,2013,09:58:03,51.38,
21,Apr,2013,09:58:45,50.84,
21,Apr,2013,09:59:04,51.92,
21,Apr,2013,09:59:43,51.38,
21,Apr,2013,10:00:01,51.92,
21,Apr,2013,10:00:43,51.38,
21,Apr,2013,10:01:02,51.92,
21,Apr,2013,10:01:42,51.38,
21,Apr,2013,10:02:02,51.92,
21,Apr,2013,10:02:45,51.38,
21,Apr,2013,10:03:02,51.38,
21,Apr,2013,10:03:43,51.92,
21,Apr,2013,10:04:01,51.38,
21,Apr,2013,10:04:47,51.92,
21,Apr,2013,10:05:02,51.92,
21,Apr,2013,10:05:43,51.92,
21,Apr,2013,10:06:00,52.45,
21,Apr,2013,10:06:45,51.92,
21,Apr,2013,10:07:05,51.92,
21,Apr,2013,10:07:45,51.92,
21,Apr,2013,10:08:03,51.92,
21,Apr,2013,10:08:42,51.92,
21,Apr,2013,10:09:03,51.92,
21,Apr,2013,10:09:43,51.92,
21,Apr,2013,10:10:01,51.92,
21,Apr,2013,10:10:44,51.92,
21,Apr,2013,10:11:02,52.45,
21,Apr,2013,10:11:43,51.38,
21,Apr,2013,10:12:00,51.92,
21,Apr,2013,10:12:44,51.92,
21,Apr,2013,10:13:06,52.45,
21,Apr,2013,10:13:45,51.92,
21,Apr,2013,10:14:03,51.92,
21,Apr,2013,10:14:44,51.92,
21,Apr,2013,10:15:05,52.45,
21,Apr,2013,10:15:47,51.92,
21,Apr,2013,10:16:02,51.92,
21,Apr,2013,10:16:49,51.92,
21,Apr,2013,10:17:03,52.99,
21,Apr,2013,10:17:45,51.92,
21,Apr,2013,10:18:04,51.92,
21,Apr,2013,10:18:48,51.92,
21,Apr,2013,10:19:02,52.99,
21,Apr,2013,10:19:44,52.99,
21,Apr,2013,10:20:02,52.45,
21,Apr,2013,10:20:47,52.99,
21,Apr,2013,10:21:04,51.92,
21,Apr,2013,10:21:43,51.92,
21,Apr,2013,10:22:02,52.99,
21,Apr,2013,10:22:48,51.92,
21,Apr,2013,10:23:02,52.99,
21,Apr,2013,10:23:44,52.45,
21,Apr,2013,10:24:03,52.99,
21,Apr,2013,10:24:46,52.99,
21,Apr,2013,10:25:03,52.99,
21,Apr,2013,10:25:42,52.99,
21,Apr,2013,10:26:02,52.99,
21,Apr,2013,10:26:47,52.99,
21,Apr,2013,10:27:02,52.45,
21,Apr,2013,10:27:43,52.99,
21,Apr,2013,10:28:01,52.99,
21,Apr,2013,10:28:40,52.99,
21,Apr,2013,10:29:02,52.99,
21,Apr,2013,10:29:45,52.99,
21,Apr,2013,10:30:03,53.53,
21,Apr,2013,10:30:42,51.92,
21,Apr,2013,10:31:02,52.99,
21,Apr,2013,10:31:48,52.99,
21,Apr,2013,10:32:02,52.99,
21,Apr,2013,10:32:43,52.99,
21,Apr,2013,10:33:03,52.99,
21,Apr,2013,10:33:46,52.99,
21,Apr,2013,10:34:02,52.99,
21,Apr,2013,10:34:43,52.99,
21,Apr,2013,10:35:03,52.99,
21,Apr,2013,10:35:46,52.99,
21,Apr,2013,10:36:02,52.99,
21,Apr,2013,10:36:43,52.99,
21,Apr,2013,10:37:03,52.99,
21,Apr,2013,10:37:47,52.99,
21,Apr,2013,10:38:06,52.99,
21,Apr,2013,10:38:43,52.99,
21,Apr,2013,10:39:04,52.99,
21,Apr,2013,10:39:49,52.99,
21,Apr,2013,10:40:03,52.99,
21,Apr,2013,10:40:43,52.99,
21,Apr,2013,10:41:03,52.45,
21,Apr,2013,10:41:44,52.99,
21,Apr,2013,10:42:03,52.99,
21,Apr,2013,10:42:41,52.99,
21,Apr,2013,10:43:02,52.99,
21,Apr,2013,10:43:43,52.45,
21,Apr,2013,10:44:02,52.99,
21,Apr,2013,10:44:45,52.99,
21,Apr,2013,10:45:05,52.99,
21,Apr,2013,10:45:48,52.99,
21,Apr,2013,10:46:02,52.99,
21,Apr,2013,10:46:43,52.45,
21,Apr,2013,10:47:02,52.99,
21,Apr,2013,10:47:47,52.99,
21,Apr,2013,10:48:06,52.99,
21,Apr,2013,10:48:46,52.99,
21,Apr,2013,10:49:03,52.99,
21,Apr,2013,10:49:41,52.99,
21,Apr,2013,10:50:02,52.45,
21,Apr,2013,10:50:41,52.99,
21,Apr,2013,10:51:02,52.99,
21,Apr,2013,10:51:42,52.99,
21,Apr,2013,10:52:02,52.99,
21,Apr,2013,10:52:40,52.45,
21,Apr,2013,10:53:02,52.99,
21,Apr,2013,10:53:41,52.99,
21,Apr,2013,10:54:02,52.45,
21,Apr,2013,10:54:41,51.92,
21,Apr,2013,10:55:02,51.92,
21,Apr,2013,10:55:45,51.92,
21,Apr,2013,10:56:04,52.99,
21,Apr,2013,10:56:45,52.99,
21,Apr,2013,10:57:02,51.92,
21,Apr,2013,10:57:41,52.45,
21,Apr,2013,10:58:02,52.99,
21,Apr,2013,10:58:48,52.45,
21,Apr,2013,10:59:02,52.99,
21,Apr,2013,10:59:44,52.99,
21,Apr,2013,11:00:04,52.99,
21,Apr,2013,11:00:50,52.99,
21,Apr,2013,11:02:02,52.45,
21,Apr,2013,11:02:47,52.99,
21,Apr,2013,11:03:04,52.45,
21,Apr,2013,11:03:46,52.99,
21,Apr,2013,11:04:05,52.99,
21,Apr,2013,11:04:48,51.92,
21,Apr,2013,11:05:02,52.99,
21,Apr,2013,11:05:43,51.92,
21,Apr,2013,11:06:03,52.45,
21,Apr,2013,11:06:46,52.45,
21,Apr,2013,11:07:06,52.99,
21,Apr,2013,11:07:46,52.99,
21,Apr,2013,11:08:04,52.45,
21,Apr,2013,11:08:42,52.99,
21,Apr,2013,11:09:02,52.99,
21,Apr,2013,11:09:40,52.45,
21,Apr,2013,11:10:02,51.92,
21,Apr,2013,11:10:48,52.45,
21,Apr,2013,11:11:02,52.45,
21,Apr,2013,11:11:42,52.45,
21,Apr,2013,11:12:03,52.99,
21,Apr,2013,11:12:47,52.45,
21,Apr,2013,11:13:02,51.92,
21,Apr,2013,11:13:43,51.92,
21,Apr,2013,11:14:02,52.45,
21,Apr,2013,11:16:02,52.99,
21,Apr,2013,11:16:43,52.45,
21,Apr,2013,11:17:05,52.99,
21,Apr,2013,11:17:45,52.45,
21,Apr,2013,11:18:05,52.99,
21,Apr,2013,11:18:49,51.92,
21,Apr,2013,11:19:02,52.45,
21,Apr,2013,11:19:43,52.99,
21,Apr,2013,11:20:02,52.45,
21,Apr,2013,11:20:43,52.45,
21,Apr,2013,11:21:04,52.99,
21,Apr,2013,11:21:46,52.99,
21,Apr,2013,11:22:05,52.99,
21,Apr,2013,11:22:50,51.92,
21,Apr,2013,11:23:02,52.99,
21,Apr,2013,11:23:43,52.99,
21,Apr,2013,11:24:02,52.99,
21,Apr,2013,11:24:49,52.99,
21,Apr,2013,11:25:02,52.99,
21,Apr,2013,11:25:43,52.99,
21,Apr,2013,11:26:03,52.99,
21,Apr,2013,11:26:44,52.45,
21,Apr,2013,11:27:02,52.99,
21,Apr,2013,11:27:42,51.92,
21,Apr,2013,11:28:02,52.45,
21,Apr,2013,11:28:44,51.92,
21,Apr,2013,11:29:04,52.99,
21,Apr,2013,11:29:45,51.92,
21,Apr,2013,11:30:04,51.92,
21,Apr,2013,11:30:50,52.99,
21,Apr,2013,11:31:02,52.99,
21,Apr,2013,11:31:42,52.99,
21,Apr,2013,11:32:02,52.99,
21,Apr,2013,11:32:47,52.99,
21,Apr,2013,11:33:02,52.99,
21,Apr,2013,11:33:43,52.99,
21,Apr,2013,11:34:03,52.99,
21,Apr,2013,11:34:46,52.99,
21,Apr,2013,11:35:05,52.99,
21,Apr,2013,11:35:42,52.45,
21,Apr,2013,11:36:02,52.45,
21,Apr,2013,11:36:49,52.99,
21,Apr,2013,11:37:02,52.99,
21,Apr,2013,11:37:42,52.99,
21,Apr,2013,11:38:02,52.99,
21,Apr,2013,11:38:45,52.99,
21,Apr,2013,11:39:04,52.99,
21,Apr,2013,11:39:43,52.45,
21,Apr,2013,11:40:02,52.99,
21,Apr,2013,11:40:47,52.45,
21,Apr,2013,11:41:02,52.99,
21,Apr,2013,11:41:48,52.45,
21,Apr,2013,11:42:01,52.99,
21,Apr,2013,11:42:47,52.45,
21,Apr,2013,11:43:01,52.99,
21,Apr,2013,11:43:42,52.99,
21,Apr,2013,11:44:02,52.99,
21,Apr,2013,11:44:43,52.99,
21,Apr,2013,11:45:02,52.99,
21,Apr,2013,11:45:43,52.99,
21,Apr,2013,11:46:03,52.99,
21,Apr,2013,11:46:47,52.45,
21,Apr,2013,11:47:02,52.99,
21,Apr,2013,11:47:42,52.45,
21,Apr,2013,11:48:02,52.99,
21,Apr,2013,11:48:42,52.99,
21,Apr,2013,11:49:04,52.99,
21,Apr,2013,11:49:44,52.99,
21,Apr,2013,11:50:02,52.99,
21,Apr,2013,11:50:46,52.99,
21,Apr,2013,11:51:01,52.99,
21,Apr,2013,11:51:41,52.99,
21,Apr,2013,11:52:02,52.99,
21,Apr,2013,11:52:43,52.99,
21,Apr,2013,11:53:04,52.99,
21,Apr,2013,11:53:45,52.99,
21,Apr,2013,11:54:05,52.99,
21,Apr,2013,11:54:45,52.99,
21,Apr,2013,11:55:03,53.53,
21,Apr,2013,11:55:42,52.99,
21,Apr,2013,11:56:02,52.45,
21,Apr,2013,11:56:44,51.92,
21,Apr,2013,11:57:04,52.99,
21,Apr,2013,11:57:45,52.99,
21,Apr,2013,11:58:04,52.99,
21,Apr,2013,11:58:46,52.99,
21,Apr,2013,11:59:05,52.99,
21,Apr,2013,11:59:45,52.99,
21,Apr,2013,12:00:05,52.99,
21,Apr,2013,12:01:02,52.99,
21,Apr,2013,12:01:42,52.99,
21,Apr,2013,12:02:02,52.99,
21,Apr,2013,12:02:42,52.45,
21,Apr,2013,12:03:02,52.99,
21,Apr,2013,12:03:45,52.99,
21,Apr,2013,12:04:04,52.99,
21,Apr,2013,12:04:47,52.99,
21,Apr,2013,12:05:02,52.99,
21,Apr,2013,12:05:43,52.99,
21,Apr,2013,12:06:03,52.99,
21,Apr,2013,12:06:47,52.45,
21,Apr,2013,12:07:01,52.99,
21,Apr,2013,12:07:41,52.99,
21,Apr,2013,12:08:02,52.99,
21,Apr,2013,12:08:47,52.99,
21,Apr,2013,12:09:05,52.99,
21,Apr,2013,12:09:43,52.99,
21,Apr,2013,12:10:02,52.99,
21,Apr,2013,12:10:44,53.53,
21,Apr,2013,12:11:02,52.99,
21,Apr,2013,12:11:42,52.99,
21,Apr,2013,12:12:02,52.99,
21,Apr,2013,12:12:50,52.99,
21,Apr,2013,12:13:02,52.99,
21,Apr,2013,12:13:41,52.99,
21,Apr,2013,12:14:02,52.45,
21,Apr,2013,12:14:41,52.99,
21,Apr,2013,12:15:02,52.99,
21,Apr,2013,12:15:44,52.99,
21,Apr,2013,12:16:04,53.53,
21,Apr,2013,12:16:48,52.99,
21,Apr,2013,12:17:02,52.99,
21,Apr,2013,12:17:42,52.99,
21,Apr,2013,12:18:02,52.99,
21,Apr,2013,12:18:47,52.99,
21,Apr,2013,12:19:02,52.99,
21,Apr,2013,12:19:43,52.99,
21,Apr,2013,12:20:04,52.99,
21,Apr,2013,12:20:45,52.99,
21,Apr,2013,12:21:02,53.53,
21,Apr,2013,12:21:41,52.99,
21,Apr,2013,12:22:02,52.99,
21,Apr,2013,12:22:44,52.99,
21,Apr,2013,12:23:02,52.99,
21,Apr,2013,12:23:42,52.99,
21,Apr,2013,12:24:03,52.99,
21,Apr,2013,12:24:45,52.99,
21,Apr,2013,12:25:03,53.53,
21,Apr,2013,12:25:42,52.99,
21,Apr,2013,12:26:02,52.99,
21,Apr,2013,12:26:41,52.99,
21,Apr,2013,12:27:02,52.99,
21,Apr,2013,12:27:44,52.99,
21,Apr,2013,12:28:04,52.99,
21,Apr,2013,12:28:50,52.99,
21,Apr,2013,12:29:02,52.99,
21,Apr,2013,12:29:44,52.99,
21,Apr,2013,12:30:04,52.45,
21,Apr,2013,12:30:47,52.99,
21,Apr,2013,12:31:01,52.99,
21,Apr,2013,12:31:42,52.99,
21,Apr,2013,12:32:03,52.99,
21,Apr,2013,12:32:43,52.99,
21,Apr,2013,12:33:02,52.99,
21,Apr,2013,12:33:43,52.99,
21,Apr,2013,12:34:02,52.99,
21,Apr,2013,12:34:43,52.99,
21,Apr,2013,12:35:04,52.99,
21,Apr,2013,12:35:44,52.99,
21,Apr,2013,12:36:04,52.99,
21,Apr,2013,12:36:49,52.99,
21,Apr,2013,12:37:06,52.99,
21,Apr,2013,12:37:47,52.99,
21,Apr,2013,12:38:01,52.99,
21,Apr,2013,12:38:42,52.99,
21,Apr,2013,12:39:02,52.99,
21,Apr,2013,12:39:43,52.99,
21,Apr,2013,12:40:03,52.99,
21,Apr,2013,12:40:50,52.99,
21,Apr,2013,12:41:03,52.99,
21,Apr,2013,12:41:44,52.99,
21,Apr,2013,12:42:04,52.99,
21,Apr,2013,12:42:46,52.99,
21,Apr,2013,12:43:02,52.99,
21,Apr,2013,12:43:45,52.45,
21,Apr,2013,12:44:04,53.53,
21,Apr,2013,12:44:45,53.53,
21,Apr,2013,12:45:04,52.99,
21,Apr,2013,12:45:43,52.99,
21,Apr,2013,12:46:03,52.99,
21,Apr,2013,12:46:46,52.99,
21,Apr,2013,12:47:04,52.99,
21,Apr,2013,12:47:43,52.99,
21,Apr,2013,12:48:03,52.99,
21,Apr,2013,12:48:44,52.99,
21,Apr,2013,12:49:05,52.99,
21,Apr,2013,12:49:47,52.99,
21,Apr,2013,12:50:02,52.99,
21,Apr,2013,12:50:42,52.99,
21,Apr,2013,12:52:28,52.45,
21,Apr,2013,12:53:02,51.92,
21,Apr,2013,12:53:21,52.45,
21,Apr,2013,12:53:42,52.45,
21,Apr,2013,12:54:02,52.99,
21,Apr,2013,12:54:52,52.99,
21,Apr,2013,12:55:06,52.99,
21,Apr,2013,12:55:43,52.45,
21,Apr,2013,12:56:02,52.99,
21,Apr,2013,12:56:49,52.99,
21,Apr,2013,12:57:02,52.99,
21,Apr,2013,12:57:44,52.99,
21,Apr,2013,12:58:04,52.99,
21,Apr,2013,12:58:46,52.99,
21,Apr,2013,12:59:05,52.99,
21,Apr,2013,12:59:43,52.99,
21,Apr,2013,13:00:02,52.99,
21,Apr,2013,13:00:45,51.92,
21,Apr,2013,13:02:02,52.45,
21,Apr,2013,13:02:51,52.99,
21,Apr,2013,13:04:02,52.45,
21,Apr,2013,13:04:45,52.99,
21,Apr,2013,13:05:04,52.45,
21,Apr,2013,13:05:43,52.99,
21,Apr,2013,13:06:05,52.99,
21,Apr,2013,13:06:47,52.99,
21,Apr,2013,13:07:02,52.99,
21,Apr,2013,13:07:43,52.99,
21,Apr,2013,13:08:02,52.99,
21,Apr,2013,13:08:46,52.99,
21,Apr,2013,13:09:02,52.99,
21,Apr,2013,13:09:43,52.99,
21,Apr,2013,13:10:02,52.99,
21,Apr,2013,13:10:49,53.53,
21,Apr,2013,13:11:02,53.53,
21,Apr,2013,13:11:46,52.99,
21,Apr,2013,13:12:05,52.99,
21,Apr,2013,13:12:49,52.99,
21,Apr,2013,13:13:02,53.53,
21,Apr,2013,13:13:43,53.53,
21,Apr,2013,13:14:03,53.53,
21,Apr,2013,13:14:41,53.53,
21,Apr,2013,13:15:02,54.07,
21,Apr,2013,13:15:45,54.07,
21,Apr,2013,13:16:04,53.53,
21,Apr,2013,13:16:43,53.53,
21,Apr,2013,13:17:02,54.07,
21,Apr,2013,13:17:48,52.99,
21,Apr,2013,13:18:03,52.99,
21,Apr,2013,13:18:43,52.99,
21,Apr,2013,13:19:02,53.53,
21,Apr,2013,13:19:44,53.53,
21,Apr,2013,13:20:02,53.53,
21,Apr,2013,13:20:43,53.53,
21,Apr,2013,13:21:03,53.53,
21,Apr,2013,13:21:44,54.07,
21,Apr,2013,13:22:02,54.07,
21,Apr,2013,13:22:42,52.99,
21,Apr,2013,13:23:02,52.99,
21,Apr,2013,13:23:47,52.99,
21,Apr,2013,13:24:02,53.53,
21,Apr,2013,13:24:43,52.99,
21,Apr,2013,13:25:02,52.99,
21,Apr,2013,13:25:43,52.99,
21,Apr,2013,13:26:01,52.99,
21,Apr,2013,13:26:42,52.99,
21,Apr,2013,13:27:02,52.99,
21,Apr,2013,13:27:44,53.53,
21,Apr,2013,13:28:05,53.53,
21,Apr,2013,13:28:45,54.07,
21,Apr,2013,13:29:05,54.07,
21,Apr,2013,13:29:49,54.07,
21,Apr,2013,13:30:03,52.99,
21,Apr,2013,13:30:46,53.53,
21,Apr,2013,13:31:05,53.53,
21,Apr,2013,13:31:48,53.53,
21,Apr,2013,13:32:03,53.53,
21,Apr,2013,13:32:44,53.53,
21,Apr,2013,13:33:03,53.53,
21,Apr,2013,13:33:55,52.99,
21,Apr,2013,13:34:06,52.99,
21,Apr,2013,13:34:34,52.99,
21,Apr,2013,13:35:02,51.92,
21,Apr,2013,13:35:29,52.45,
21,Apr,2013,13:36:02,52.45,
21,Apr,2013,13:36:30,52.45,
21,Apr,2013,13:37:02,51.92,
21,Apr,2013,13:37:29,51.92,
21,Apr,2013,13:38:02,51.92,
21,Apr,2013,13:38:47,51.92,
21,Apr,2013,13:40:02,51.92,
21,Apr,2013,13:40:49,52.99,
21,Apr,2013,13:41:02,52.99,
21,Apr,2013,13:41:46,52.45,
21,Apr,2013,13:42:06,52.99,
21,Apr,2013,13:42:49,52.99,
21,Apr,2013,13:43:02,52.99,
21,Apr,2013,13:43:44,52.99,
21,Apr,2013,13:44:04,52.99,
21,Apr,2013,13:44:48,51.92,
21,Apr,2013,13:45:02,51.92,
21,Apr,2013,13:45:43,51.92,
21,Apr,2013,13:46:02,51.92,
21,Apr,2013,13:46:48,51.92,
21,Apr,2013,13:47:06,51.92,
21,Apr,2013,13:47:47,51.38,
21,Apr,2013,13:48:02,51.92,
21,Apr,2013,13:48:42,51.92,
21,Apr,2013,13:49:02,51.92,
21,Apr,2013,13:49:44,51.92,
21,Apr,2013,13:50:06,51.92,
15,May,2013,11:59:46,44.38,
15,May,2013,12:00:21,44.92,
15,May,2013,12:05:10,43.85,
15,May,2013,12:10:16,44.92,
15,May,2013,12:15:22,44.38,
15,May,2013,12:18:01,44.38,
15,May,2013,12:18:34,44.38,
15,May,2013,12:19:02,44.92,
15,May,2013,12:19:35,44.38,
15,May,2013,12:20:02,44.92,
15,May,2013,12:20:36,44.38,
15,May,2013,12:21:02,44.92,
15,May,2013,12:21:35,44.92,
15,May,2013,12:22:02,44.92,
15,May,2013,12:22:38,44.38,
15,May,2013,12:23:02,44.92,
15,May,2013,12:23:35,44.38,
15,May,2013,12:24:02,44.38,
15,May,2013,12:24:35,44.92,
15,May,2013,12:25:02,44.92,
15,May,2013,12:25:35,44.38,
15,May,2013,12:26:02,44.38,
15,May,2013,12:26:35,44.38,
15,May,2013,12:27:02,44.38,
15,May,2013,12:27:35,43.85,
15,May,2013,12:28:02,44.38,
15,May,2013,12:28:35,44.38,
15,May,2013,12:29:02,44.38,
15,May,2013,12:29:35,43.85,
15,May,2013,12:30:02,44.38,
15,May,2013,12:30:37,44.38,
15,May,2013,12:31:02,44.38,
15,May,2013,12:31:35,44.38,
15,May,2013,12:32:02,44.38,
15,May,2013,12:32:35,44.38,
15,May,2013,12:33:02,44.38,
15,May,2013,12:33:35,44.38,
15,May,2013,12:34:02,44.92,
15,May,2013,12:34:35,44.38,
15,May,2013,12:35:02,44.38,
15,May,2013,12:35:36,44.38,
15,May,2013,12:36:02,44.38,
15,May,2013,12:36:35,43.85,
15,May,2013,12:37:02,44.38,
15,May,2013,12:37:35,44.38,
15,May,2013,12:38:02,43.85,
15,May,2013,12:38:35,44.38,
15,May,2013,12:39:02,44.38,
15,May,2013,12:39:35,44.38,
15,May,2013,12:40:02,44.38,
15,May,2013,12:40:36,44.38,
15,May,2013,12:41:02,44.38,
15,May,2013,12:41:35,44.38,
15,May,2013,12:42:02,44.38,
15,May,2013,12:42:35,44.38,
15,May,2013,12:43:02,44.38,
15,May,2013,12:43:34,44.38,
15,May,2013,12:44:02,44.38,
15,May,2013,12:44:35,44.38,
15,May,2013,12:45:02,44.38,
15,May,2013,12:45:36,44.38,
15,May,2013,12:46:02,44.38,
15,May,2013,12:46:35,44.38,
15,May,2013,12:47:02,44.38,
15,May,2013,12:47:35,43.85,
15,May,2013,12:48:02,44.38,
15,May,2013,12:48:35,44.38,
15,May,2013,12:49:01,44.38,
15,May,2013,12:49:35,43.85,
15,May,2013,12:50:02,44.38,
15,May,2013,12:50:36,44.38,
15,May,2013,12:51:01,44.38,
15,May,2013,12:51:35,44.38,
15,May,2013,12:52:02,44.38,
15,May,2013,12:52:35,44.38,
15,May,2013,12:53:02,44.38,
15,May,2013,12:53:35,43.85,
15,May,2013,12:54:02,43.85,
15,May,2013,12:54:35,44.38,
15,May,2013,12:55:02,44.38,
15,May,2013,12:55:35,44.38,
15,May,2013,12:56:02,44.38,
15,May,2013,12:56:35,44.38,
15,May,2013,12:57:02,44.38,
15,May,2013,12:57:35,44.38,
15,May,2013,12:58:02,44.38,
15,May,2013,12:58:35,44.38,
15,May,2013,12:59:01,44.38,
15,May,2013,12:59:34,44.92,
15,May,2013,13:00:02,44.38,
15,May,2013,13:00:36,44.38,
15,May,2013,13:01:02,44.38,
15,May,2013,13:01:35,44.38,
15,May,2013,13:02:01,44.38,
15,May,2013,13:02:34,44.38,
15,May,2013,13:03:02,44.38,
15,May,2013,13:03:35,44.92,
15,May,2013,13:04:02,44.38,
15,May,2013,13:04:35,44.38,
15,May,2013,13:05:01,44.38,
15,May,2013,13:05:35,44.92,
15,May,2013,13:06:02,44.38,
15,May,2013,13:06:35,44.38,
15,May,2013,13:07:02,44.38,
15,May,2013,13:07:34,44.92,
15,May,2013,13:08:02,44.38,
15,May,2013,13:08:35,44.38,
15,May,2013,13:09:01,44.38,
15,May,2013,13:09:34,44.92,
15,May,2013,13:10:02,44.92,
15,May,2013,13:10:35,44.38,
15,May,2013,13:11:01,44.38,
15,May,2013,13:11:35,44.92,
15,May,2013,13:12:02,44.92,
15,May,2013,13:12:35,44.92,
15,May,2013,13:13:02,44.38,
15,May,2013,13:13:35,44.92,
15,May,2013,13:14:01,44.92,
15,May,2013,13:14:34,44.92,
15,May,2013,13:15:02,45.46,
15,May,2013,13:15:35,44.92,
15,May,2013,13:16:02,44.38,
15,May,2013,13:16:35,44.38,
15,May,2013,13:17:02,45.46,
15,May,2013,13:17:35,45.46,
15,May,2013,13:18:02,45.46,
15,May,2013,13:18:35,45.46,
15,May,2013,13:19:02,45.46,
15,May,2013,13:19:35,44.92,
15,May,2013,13:20:01,45.46,
15,May,2013,13:20:36,45.46,
15,May,2013,13:21:02,45.46,
15,May,2013,13:21:34,45.46,
15,May,2013,13:22:02,45.46,
15,May,2013,13:22:35,45.46,
15,May,2013,13:23:02,45.46,
15,May,2013,13:23:35,45.46,
15,May,2013,13:24:02,45.46,
15,May,2013,13:24:35,45.46,
15,May,2013,13:25:02,44.92,
15,May,2013,13:25:35,44.92,
15,May,2013,13:26:01,45.46,
15,May,2013,13:26:34,45.46,
15,May,2013,13:27:02,46.54,
15,May,2013,13:27:35,45.46,
15,May,2013,13:28:02,45.46,
15,May,2013,13:28:35,45.46,
15,May,2013,13:29:01,45.46,
15,May,2013,13:29:34,45.46,
15,May,2013,13:30:02,45.46,
15,May,2013,13:30:35,45.46,
15,May,2013,13:31:01,45.46,
15,May,2013,13:31:35,45.46,
15,May,2013,13:32:02,45.46,
15,May,2013,13:32:35,45.46,
15,May,2013,13:33:02,45.46,
15,May,2013,13:33:35,46.00,
15,May,2013,13:34:02,46.00,
15,May,2013,13:34:35,46.00,
15,May,2013,13:35:01,46.00,
15,May,2013,13:35:35,46.54,
15,May,2013,13:36:02,45.46,
15,May,2013,13:36:35,46.00,
15,May,2013,13:37:02,46.00,
15,May,2013,13:37:35,45.46,
15,May,2013,13:38:02,46.00,
15,May,2013,13:38:38,46.54,
15,May,2013,13:39:02,46.54,
15,May,2013,13:39:35,46.00,
15,May,2013,13:40:02,46.54,
15,May,2013,13:40:35,46.54,
15,May,2013,13:41:02,46.54,
15,May,2013,13:41:35,46.54,
15,May,2013,13:42:02,46.00,
15,May,2013,13:42:34,46.00,
15,May,2013,13:43:02,45.46,
15,May,2013,13:43:35,46.54,
15,May,2013,13:44:02,46.54,
15,May,2013,13:44:35,46.54,
15,May,2013,13:45:01,46.54,
15,May,2013,13:45:35,46.00,
15,May,2013,13:46:02,47.07,
15,May,2013,13:46:34,46.54,
15,May,2013,13:47:01,46.54,
15,May,2013,13:47:35,46.54,
15,May,2013,13:48:02,46.54,
15,May,2013,13:48:34,46.54,
15,May,2013,13:49:01,46.54,
15,May,2013,13:49:34,47.07,
15,May,2013,13:50:02,47.07,
15,May,2013,13:50:36,46.54,
15,May,2013,13:51:02,46.54,
15,May,2013,13:51:35,46.54,
15,May,2013,13:52:01,46.54,
15,May,2013,13:52:34,46.54,
15,May,2013,13:53:02,46.54,
15,May,2013,13:53:35,46.00,
15,May,2013,13:54:02,46.54,
15,May,2013,13:54:35,46.54,
15,May,2013,13:55:02,46.54,
15,May,2013,13:55:36,46.54,
15,May,2013,13:56:02,47.07,
15,May,2013,13:56:35,46.54,
15,May,2013,13:57:02,46.54,
15,May,2013,13:57:35,46.54,
15,May,2013,13:58:02,47.07,
15,May,2013,13:58:35,46.54,
15,May,2013,13:59:01,46.54,
15,May,2013,13:59:35,47.07,
15,May,2013,14:00:02,46.54,
15,May,2013,14:00:36,46.54,
15,May,2013,14:01:02,46.54,
15,May,2013,14:01:35,46.54,
15,May,2013,14:02:02,46.54,
15,May,2013,14:02:35,46.54,
15,May,2013,14:03:02,47.07,
