10,Jul,2013,23:53:34,236,
10,Jul,2013,23:53:38,240,
10,Jul,2013,23:54:03,236,
10,Jul,2013,23:54:40,237,
10,Jul,2013,23:55:04,235,
10,Jul,2013,23:55:40,231,
10,Jul,2013,23:56:04,230,
10,Jul,2013,23:56:41,236,
10,Jul,2013,23:57:03,237,
10,Jul,2013,23:57:41,245,
10,Jul,2013,23:58:03,234,
10,Jul,2013,23:58:40,234,
10,Jul,2013,23:59:04,230,
10,Jul,2013,23:59:40,219,
11,Jul,2013,00:00:04,216,
11,Jul,2013,00:00:41,218,
11,Jul,2013,00:01:04,218,
11,Jul,2013,00:01:40,229,
11,Jul,2013,00:02:04,219,
11,Jul,2013,00:02:40,219,
11,Jul,2013,00:03:04,220,
11,Jul,2013,00:03:40,222,
11,Jul,2013,00:04:04,218,
11,Jul,2013,00:04:41,219,
11,Jul,2013,00:05:04,218,
11,Jul,2013,00:07:20,219,
11,Jul,2013,00:07:30,224,
11,Jul,2013,00:07:57,218,
11,Jul,2013,00:08:03,216,
11,Jul,2013,00:08:06,216,
11,Jul,2013,00:08:40,215,
11,Jul,2013,00:09:03,214,
11,Jul,2013,00:09:40,214,
11,Jul,2013,00:10:03,215,
11,Jul,2013,00:10:40,222,
11,Jul,2013,00:11:03,224,
11,Jul,2013,00:11:40,226,
11,Jul,2013,00:12:04,227,
11,Jul,2013,00:12:40,0,
11,Jul,2013,00:13:03,0,
11,Jul,2013,00:13:40,0,
11,Jul,2013,00:14:04,0,
11,Jul,2013,00:14:40,0,
11,Jul,2013,00:15:04,0,
11,Jul,2013,00:15:40,0,
11,Jul,2013,00:16:04,0,
11,Jul,2013,00:16:40,0,
11,Jul,2013,00:17:03,469,
11,Jul,2013,00:17:40,222,
11,Jul,2013,00:18:04,211,
11,Jul,2013,00:18:40,205,
11,Jul,2013,00:19:04,203,
11,Jul,2013,00:19:40,203,
11,Jul,2013,00:20:04,202,
11,Jul,2013,00:20:40,202,
11,Jul,2013,00:21:03,201,
11,Jul,2013,00:22:55,206,
11,Jul,2013,00:23:05,207,
11,Jul,2013,00:23:15,208,
11,Jul,2013,00:23:24,0,
11,Jul,2013,00:23:31,0,
11,Jul,2013,00:23:35,0,
11,Jul,2013,00:23:36,0,
11,Jul,2013,00:23:41,0,
11,Jul,2013,00:23:51,0,
11,Jul,2013,00:24:00,0,
11,Jul,2013,00:24:03,0,
11,Jul,2013,00:24:12,0,
11,Jul,2013,00:24:13,0,
11,Jul,2013,00:24:40,0,
11,Jul,2013,00:25:03,0,
11,Jul,2013,00:25:40,0,
11,Jul,2013,00:26:04,0,
11,Jul,2013,00:26:40,0,
11,Jul,2013,00:27:03,0,
11,Jul,2013,00:27:39,0,
11,Jul,2013,00:28:03,75,
11,Jul,2013,00:28:40,214,
11,Jul,2013,00:29:04,200,
11,Jul,2013,00:29:40,195,
11,Jul,2013,00:30:03,195,
11,Jul,2013,00:30:40,198,
11,Jul,2013,00:31:03,195,
11,Jul,2013,00:31:40,192,
11,Jul,2013,00:32:04,192,
11,Jul,2013,00:32:40,191,
11,Jul,2013,00:33:03,192,
11,Jul,2013,00:33:40,192,
11,Jul,2013,00:34:04,192,
11,Jul,2013,00:34:40,193,
11,Jul,2013,00:35:04,191,
11,Jul,2013,00:35:40,191,
11,Jul,2013,00:36:04,192,
11,Jul,2013,00:36:40,192,
11,Jul,2013,00:37:03,189,
11,Jul,2013,00:37:39,192,
11,Jul,2013,00:38:04,191,
11,Jul,2013,00:38:40,193,
11,Jul,2013,00:39:03,190,
11,Jul,2013,00:39:40,195,
11,Jul,2013,00:40:04,205,
11,Jul,2013,00:40:40,211,
11,Jul,2013,00:41:04,213,
11,Jul,2013,00:41:41,216,
11,Jul,2013,00:42:03,217,
11,Jul,2013,00:42:40,218,
11,Jul,2013,00:43:03,219,
11,Jul,2013,00:43:40,220,
11,Jul,2013,00:44:04,221,
11,Jul,2013,00:44:41,222,
11,Jul,2013,00:45:04,221,
11,Jul,2013,00:45:41,221,
11,Jul,2013,00:46:04,222,
11,Jul,2013,00:46:41,223,
11,Jul,2013,00:47:04,223,
11,Jul,2013,00:47:41,223,
11,Jul,2013,00:48:04,223,
11,Jul,2013,00:48:40,224,
11,Jul,2013,00:49:04,224,
11,Jul,2013,00:49:40,224,
11,Jul,2013,00:50:04,225,
11,Jul,2013,00:50:41,225,
11,Jul,2013,00:51:04,225,
11,Jul,2013,00:51:40,225,
11,Jul,2013,00:52:04,225,
11,Jul,2013,00:52:40,225,
11,Jul,2013,00:53:03,225,
11,Jul,2013,00:53:41,226,
11,Jul,2013,00:54:03,226,
11,Jul,2013,00:54:39,227,
11,Jul,2013,00:55:04,226,
11,Jul,2013,00:55:40,226,
11,Jul,2013,00:56:02,226,
11,Jul,2013,00:56:38,226,
11,Jul,2013,00:57:02,227,
11,Jul,2013,00:57:44,227,
11,Jul,2013,00:58:09,227,
11,Jul,2013,00:58:53,227,
11,Jul,2013,00:59:02,227,
11,Jul,2013,00:59:46,228,
11,Jul,2013,01:00:02,228,
11,Jul,2013,01:00:36,228,
11,Jul,2013,01:01:02,228,
11,Jul,2013,01:01:37,228,
11,Jul,2013,01:02:02,228,
11,Jul,2013,01:02:46,228,
11,Jul,2013,01:03:10,229,
11,Jul,2013,01:03:52,229,
11,Jul,2013,01:04:02,229,
11,Jul,2013,01:04:37,229,
11,Jul,2013,01:05:10,229,
11,Jul,2013,01:05:45,229,
11,Jul,2013,01:06:10,229,
11,Jul,2013,01:06:45,229,
11,Jul,2013,01:07:02,230,
11,Jul,2013,01:07:45,230,
11,Jul,2013,01:08:10,230,
11,Jul,2013,01:08:53,230,
11,Jul,2013,01:09:02,230,
11,Jul,2013,01:09:45,230,
11,Jul,2013,01:10:02,230,
11,Jul,2013,01:10:37,230,
11,Jul,2013,01:11:10,230,
11,Jul,2013,01:11:44,230,
11,Jul,2013,01:12:03,230,
11,Jul,2013,01:12:45,230,
11,Jul,2013,01:13:10,230,
11,Jul,2013,01:13:45,230,
11,Jul,2013,01:14:10,230,
11,Jul,2013,01:14:45,230,
11,Jul,2013,01:15:10,230,
11,Jul,2013,01:15:53,230,
11,Jul,2013,01:16:02,230,
11,Jul,2013,01:16:44,230,
11,Jul,2013,01:17:10,230,
11,Jul,2013,01:17:53,230,
11,Jul,2013,01:18:02,230,
11,Jul,2013,01:18:44,230,
11,Jul,2013,01:19:10,230,
11,Jul,2013,01:19:53,230,
11,Jul,2013,01:20:10,230,
11,Jul,2013,01:20:44,230,
11,Jul,2013,01:21:10,230,
11,Jul,2013,01:21:53,230,
11,Jul,2013,01:22:02,230,
11,Jul,2013,01:22:44,230,
11,Jul,2013,01:23:10,230,
11,Jul,2013,01:23:52,230,
11,Jul,2013,01:24:02,230,
11,Jul,2013,01:24:44,230,
11,Jul,2013,01:25:10,230,
11,Jul,2013,01:25:52,230,
11,Jul,2013,01:26:10,230,
11,Jul,2013,01:26:52,230,
11,Jul,2013,01:27:10,230,
11,Jul,2013,01:27:53,230,
11,Jul,2013,01:28:02,230,
11,Jul,2013,01:28:37,230,
11,Jul,2013,01:29:10,230,
11,Jul,2013,01:29:45,230,
11,Jul,2013,01:30:10,230,
11,Jul,2013,01:30:52,230,
11,Jul,2013,01:31:02,230,
11,Jul,2013,01:31:44,230,
11,Jul,2013,01:32:02,230,
11,Jul,2013,01:32:45,229,
11,Jul,2013,01:33:02,230,
11,Jul,2013,01:33:44,230,
11,Jul,2013,01:34:10,230,
11,Jul,2013,01:34:44,230,
11,Jul,2013,01:35:02,230,
11,Jul,2013,01:35:44,230,
11,Jul,2013,01:36:10,230,
11,Jul,2013,01:36:52,230,
11,Jul,2013,01:37:10,229,
11,Jul,2013,01:37:52,229,
11,Jul,2013,01:38:10,229,
11,Jul,2013,01:38:45,229,
11,Jul,2013,01:39:02,229,
11,Jul,2013,01:39:37,230,
11,Jul,2013,01:40:09,229,
11,Jul,2013,01:40:44,229,
11,Jul,2013,01:41:10,230,
11,Jul,2013,01:41:44,229,
11,Jul,2013,01:42:10,229,
11,Jul,2013,01:42:52,229,
11,Jul,2013,01:43:10,229,
11,Jul,2013,01:43:45,229,
11,Jul,2013,01:44:10,228,
11,Jul,2013,01:44:45,228,
11,Jul,2013,01:45:02,229,
11,Jul,2013,01:45:37,228,
11,Jul,2013,01:46:10,228,
11,Jul,2013,01:46:52,228,
11,Jul,2013,01:47:10,228,
11,Jul,2013,01:47:44,226,
11,Jul,2013,01:48:02,227,
11,Jul,2013,01:48:38,227,
11,Jul,2013,01:49:09,227,
11,Jul,2013,01:49:53,226,
11,Jul,2013,01:50:02,217,
11,Jul,2013,01:50:37,216,
11,Jul,2013,01:51:10,213,
11,Jul,2013,01:51:45,214,
11,Jul,2013,01:52:02,213,
11,Jul,2013,01:52:45,213,
11,Jul,2013,01:53:09,214,
11,Jul,2013,01:53:52,213,
11,Jul,2013,01:54:09,211,
11,Jul,2013,01:54:51,225,
11,Jul,2013,01:55:02,226,
11,Jul,2013,01:55:37,228,
11,Jul,2013,01:56:10,229,
11,Jul,2013,01:56:52,230,
11,Jul,2013,01:57:10,230,
11,Jul,2013,01:57:52,230,
11,Jul,2013,01:58:02,230,
11,Jul,2013,01:58:44,230,
11,Jul,2013,01:59:02,230,
11,Jul,2013,01:59:44,231,
11,Jul,2013,02:00:09,231,
11,Jul,2013,02:00:45,230,
11,Jul,2013,02:01:09,230,
11,Jul,2013,02:01:44,230,
11,Jul,2013,02:02:09,230,
11,Jul,2013,02:02:44,230,
11,Jul,2013,02:03:10,229,
11,Jul,2013,02:03:44,219,
11,Jul,2013,02:04:09,217,
11,Jul,2013,02:04:51,215,
11,Jul,2013,02:05:02,224,
11,Jul,2013,02:05:36,228,
11,Jul,2013,02:06:09,229,
11,Jul,2013,02:06:51,231,
11,Jul,2013,02:07:02,231,
11,Jul,2013,02:07:37,232,
11,Jul,2013,02:08:09,232,
11,Jul,2013,02:08:51,232,
11,Jul,2013,02:09:09,232,
11,Jul,2013,02:09:50,233,
11,Jul,2013,02:10:09,233,
11,Jul,2013,02:10:51,233,
11,Jul,2013,02:11:08,233,
11,Jul,2013,02:11:49,232,
11,Jul,2013,02:12:08,233,
11,Jul,2013,02:12:49,233,
11,Jul,2013,02:13:09,232,
11,Jul,2013,02:13:49,233,
11,Jul,2013,02:14:08,233,
11,Jul,2013,02:14:48,233,
11,Jul,2013,02:15:08,233,
11,Jul,2013,02:15:48,233,
11,Jul,2013,02:16:07,232,
11,Jul,2013,02:16:47,233,
11,Jul,2013,02:17:07,233,
11,Jul,2013,02:17:42,233,
11,Jul,2013,02:18:07,233,
11,Jul,2013,02:18:46,233,
11,Jul,2013,02:19:07,233,
11,Jul,2013,02:19:46,233,
11,Jul,2013,02:20:07,234,
11,Jul,2013,02:20:45,235,
11,Jul,2013,02:21:06,236,
11,Jul,2013,02:21:44,238,
11,Jul,2013,02:22:06,238,
11,Jul,2013,02:22:43,239,
11,Jul,2013,02:23:02,239,
11,Jul,2013,02:23:39,239,
11,Jul,2013,02:24:05,239,
11,Jul,2013,02:24:42,240,
11,Jul,2013,02:25:04,240,
11,Jul,2013,02:25:41,241,
11,Jul,2013,02:26:04,241,
11,Jul,2013,02:26:41,230,
11,Jul,2013,02:27:04,229,
11,Jul,2013,02:27:41,238,
11,Jul,2013,02:28:04,238,
11,Jul,2013,02:28:41,239,
11,Jul,2013,02:29:04,238,
11,Jul,2013,02:29:40,228,
11,Jul,2013,02:30:03,225,
11,Jul,2013,02:30:40,223,
11,Jul,2013,02:31:03,223,
11,Jul,2013,02:31:41,235,
11,Jul,2013,02:32:05,236,
11,Jul,2013,02:32:43,237,
11,Jul,2013,02:33:05,237,
11,Jul,2013,02:33:41,237,
11,Jul,2013,02:34:05,237,
11,Jul,2013,02:34:42,236,
11,Jul,2013,02:35:04,236,
11,Jul,2013,02:35:41,236,
11,Jul,2013,02:36:04,235,
11,Jul,2013,02:36:41,235,
11,Jul,2013,02:37:04,235,
11,Jul,2013,02:37:40,229,
11,Jul,2013,02:38:04,222,
11,Jul,2013,02:38:40,218,
11,Jul,2013,02:39:03,231,
11,Jul,2013,02:39:40,233,
11,Jul,2013,02:40:04,233,
11,Jul,2013,02:40:40,234,
11,Jul,2013,02:41:04,234,
11,Jul,2013,02:41:40,233,
11,Jul,2013,02:42:04,233,
11,Jul,2013,02:42:40,231,
11,Jul,2013,02:43:03,231,
11,Jul,2013,02:43:39,230,
11,Jul,2013,02:44:03,219,
11,Jul,2013,02:44:39,219,
11,Jul,2013,02:45:03,216,
11,Jul,2013,02:45:40,217,
11,Jul,2013,02:46:03,225,
11,Jul,2013,02:46:40,227,
11,Jul,2013,02:47:04,228,
11,Jul,2013,02:47:41,227,
11,Jul,2013,02:48:04,217,
11,Jul,2013,02:48:40,216,
11,Jul,2013,02:49:03,213,
11,Jul,2013,02:49:40,213,
11,Jul,2013,02:50:04,210,
11,Jul,2013,02:50:40,211,
11,Jul,2013,02:51:03,212,
11,Jul,2013,02:51:39,224,
11,Jul,2013,02:52:03,226,
11,Jul,2013,02:52:39,228,
11,Jul,2013,02:53:03,227,
11,Jul,2013,02:53:40,210,
11,Jul,2013,02:54:04,213,
11,Jul,2013,02:54:40,214,
11,Jul,2013,02:55:04,214,
11,Jul,2013,02:55:41,214,
11,Jul,2013,02:56:03,212,
11,Jul,2013,02:56:39,211,
11,Jul,2013,02:57:04,210,
11,Jul,2013,02:57:40,211,
11,Jul,2013,02:58:04,208,
11,Jul,2013,02:58:40,209,
11,Jul,2013,02:59:04,207,
11,Jul,2013,02:59:40,208,
11,Jul,2013,03:00:04,207,
11,Jul,2013,03:00:40,209,
11,Jul,2013,03:01:03,209,
11,Jul,2013,03:01:39,209,
11,Jul,2013,03:02:03,210,
11,Jul,2013,03:02:39,210,
11,Jul,2013,03:03:04,209,
11,Jul,2013,03:03:39,211,
11,Jul,2013,03:04:03,209,
11,Jul,2013,03:04:39,208,
11,Jul,2013,03:05:04,208,
11,Jul,2013,03:05:41,211,
11,Jul,2013,03:06:04,212,
11,Jul,2013,03:06:41,211,
11,Jul,2013,03:07:04,211,
11,Jul,2013,03:07:42,211,
11,Jul,2013,03:08:04,211,
11,Jul,2013,03:08:41,209,
11,Jul,2013,03:09:04,220,
11,Jul,2013,03:09:41,225,
11,Jul,2013,03:10:03,227,
11,Jul,2013,03:10:39,228,
11,Jul,2013,03:11:03,229,
11,Jul,2013,03:11:38,230,
11,Jul,2013,03:12:03,231,
11,Jul,2013,03:12:39,231,
11,Jul,2013,03:13:03,231,
11,Jul,2013,03:13:39,232,
11,Jul,2013,03:14:04,232,
11,Jul,2013,03:14:40,232,
11,Jul,2013,03:15:03,232,
11,Jul,2013,03:15:39,233,
11,Jul,2013,03:16:03,233,
11,Jul,2013,03:16:40,233,
11,Jul,2013,03:17:04,233,
11,Jul,2013,03:17:40,233,
11,Jul,2013,03:18:03,233,
11,Jul,2013,03:18:40,234,
11,Jul,2013,03:19:04,233,
11,Jul,2013,03:19:40,234,
11,Jul,2013,03:20:03,233,
11,Jul,2013,03:20:40,234,
11,Jul,2013,03:21:04,234,
11,Jul,2013,03:21:40,234,
11,Jul,2013,03:22:04,234,
11,Jul,2013,03:22:40,235,
11,Jul,2013,03:23:03,235,
11,Jul,2013,03:23:40,235,
11,Jul,2013,03:24:04,236,
11,Jul,2013,03:24:40,236,
11,Jul,2013,03:25:03,236,
11,Jul,2013,03:25:39,236,
11,Jul,2013,03:26:03,236,
11,Jul,2013,03:26:39,237,
11,Jul,2013,03:27:03,237,
11,Jul,2013,03:27:39,237,
11,Jul,2013,03:28:03,237,
11,Jul,2013,03:28:39,237,
11,Jul,2013,03:29:03,237,
11,Jul,2013,03:29:39,238,
11,Jul,2013,03:30:03,238,
11,Jul,2013,03:30:39,238,
11,Jul,2013,03:31:04,238,
11,Jul,2013,03:31:40,238,
11,Jul,2013,03:32:03,238,
11,Jul,2013,03:32:39,238,
11,Jul,2013,03:33:04,238,
11,Jul,2013,03:33:40,239,
11,Jul,2013,03:34:04,238,
11,Jul,2013,03:34:39,238,
11,Jul,2013,03:35:03,238,
11,Jul,2013,03:35:39,239,
11,Jul,2013,03:36:03,239,
11,Jul,2013,03:36:39,239,
11,Jul,2013,03:37:04,239,
11,Jul,2013,03:37:39,239,
11,Jul,2013,03:38:03,239,
11,Jul,2013,03:38:39,239,
11,Jul,2013,03:39:04,239,
11,Jul,2013,03:39:39,239,
11,Jul,2013,03:40:03,239,
11,Jul,2013,03:40:38,239,
11,Jul,2013,03:41:03,239,
11,Jul,2013,03:41:38,239,
11,Jul,2013,03:42:03,239,
11,Jul,2013,03:42:39,239,
11,Jul,2013,03:43:03,239,
11,Jul,2013,03:43:39,239,
11,Jul,2013,03:44:03,239,
11,Jul,2013,03:44:39,239,
11,Jul,2013,03:45:03,240,
11,Jul,2013,03:45:39,239,
11,Jul,2013,03:46:03,239,
11,Jul,2013,03:46:39,239,
11,Jul,2013,03:47:04,239,
11,Jul,2013,03:47:40,239,
11,Jul,2013,03:48:03,239,
11,Jul,2013,03:48:39,239,
11,Jul,2013,03:49:03,239,
11,Jul,2013,03:49:39,239,
11,Jul,2013,03:50:03,239,
11,Jul,2013,03:50:39,239,
11,Jul,2013,03:51:03,239,
11,Jul,2013,03:51:39,239,
11,Jul,2013,03:52:04,239,
11,Jul,2013,03:52:40,239,
11,Jul,2013,03:53:03,239,
11,Jul,2013,03:53:39,239,
11,Jul,2013,03:54:04,239,
11,Jul,2013,03:54:39,239,
11,Jul,2013,03:55:03,239,
11,Jul,2013,03:55:39,239,
11,Jul,2013,03:56:03,239,
11,Jul,2013,03:56:40,238,
11,Jul,2013,03:57:04,239,
11,Jul,2013,03:57:40,239,
11,Jul,2013,03:58:04,239,
11,Jul,2013,03:58:40,238,
11,Jul,2013,03:59:04,239,
11,Jul,2013,03:59:40,239,
11,Jul,2013,04:00:04,239,
11,Jul,2013,04:00:40,239,
11,Jul,2013,04:01:03,239,
11,Jul,2013,04:01:40,239,
11,Jul,2013,04:02:03,239,
11,Jul,2013,04:02:41,239,
11,Jul,2013,04:03:04,239,
11,Jul,2013,04:03:41,239,
11,Jul,2013,04:04:04,238,
11,Jul,2013,04:04:41,239,
11,Jul,2013,04:05:04,239,
11,Jul,2013,04:05:41,238,
11,Jul,2013,04:06:04,238,
11,Jul,2013,04:06:40,238,
11,Jul,2013,04:07:03,238,
11,Jul,2013,04:07:40,238,
11,Jul,2013,04:08:03,239,
11,Jul,2013,04:08:40,238,
11,Jul,2013,04:09:04,239,
11,Jul,2013,04:09:40,239,
11,Jul,2013,04:10:04,239,
11,Jul,2013,04:10:40,239,
11,Jul,2013,04:11:03,239,
11,Jul,2013,04:11:40,239,
11,Jul,2013,04:12:04,238,
11,Jul,2013,04:12:40,238,
11,Jul,2013,04:13:04,238,
11,Jul,2013,04:13:40,237,
11,Jul,2013,04:14:04,237,
11,Jul,2013,04:14:40,234,
11,Jul,2013,04:15:04,237,
11,Jul,2013,04:15:45,237,
11,Jul,2013,04:16:04,237,
11,Jul,2013,04:16:40,237,
11,Jul,2013,04:17:04,237,
11,Jul,2013,04:17:40,236,
11,Jul,2013,04:18:04,237,
11,Jul,2013,04:18:40,236,
11,Jul,2013,04:19:03,236,
11,Jul,2013,04:19:40,235,
11,Jul,2013,04:20:04,233,
11,Jul,2013,04:20:40,233,
11,Jul,2013,04:21:03,232,
11,Jul,2013,04:21:39,224,
11,Jul,2013,04:22:03,218,
11,Jul,2013,04:22:40,223,
11,Jul,2013,04:23:04,223,
11,Jul,2013,04:23:40,220,
11,Jul,2013,04:24:04,219,
11,Jul,2013,04:24:40,219,
11,Jul,2013,04:25:03,219,
11,Jul,2013,04:25:40,220,
11,Jul,2013,04:26:04,219,
11,Jul,2013,04:26:40,220,
11,Jul,2013,04:27:04,219,
11,Jul,2013,04:27:40,219,
11,Jul,2013,04:28:04,217,
11,Jul,2013,04:28:40,215,
11,Jul,2013,04:29:04,215,
11,Jul,2013,04:29:40,215,
11,Jul,2013,04:30:03,216,
11,Jul,2013,04:30:39,216,
11,Jul,2013,04:31:03,215,
11,Jul,2013,04:31:40,227,
11,Jul,2013,04:32:03,230,
11,Jul,2013,04:32:39,232,
11,Jul,2013,04:33:03,233,
11,Jul,2013,04:33:39,234,
11,Jul,2013,04:34:03,232,
11,Jul,2013,04:34:39,224,
11,Jul,2013,04:35:03,222,
11,Jul,2013,04:35:39,220,
11,Jul,2013,04:36:03,228,
11,Jul,2013,04:36:39,219,
11,Jul,2013,04:37:03,219,
11,Jul,2013,04:37:39,230,
11,Jul,2013,04:38:03,231,
11,Jul,2013,04:38:39,232,
11,Jul,2013,04:39:03,222,
11,Jul,2013,04:39:40,219,
11,Jul,2013,04:40:04,229,
11,Jul,2013,04:40:40,218,
11,Jul,2013,04:41:03,221,
11,Jul,2013,04:41:40,219,
11,Jul,2013,04:42:03,229,
11,Jul,2013,04:42:39,231,
11,Jul,2013,04:43:03,232,
11,Jul,2013,04:43:39,232,
11,Jul,2013,04:44:04,233,
11,Jul,2013,04:44:40,232,
11,Jul,2013,04:45:03,232,
11,Jul,2013,04:45:40,232,
11,Jul,2013,04:46:03,232,
11,Jul,2013,04:46:39,233,
11,Jul,2013,04:47:03,233,
11,Jul,2013,04:47:39,233,
11,Jul,2013,04:48:03,233,
11,Jul,2013,04:48:40,236,
11,Jul,2013,04:49:04,236,
11,Jul,2013,04:49:40,237,
11,Jul,2013,04:50:04,237,
11,Jul,2013,04:50:40,238,
11,Jul,2013,04:51:04,238,
11,Jul,2013,04:51:40,238,
11,Jul,2013,04:52:03,238,
11,Jul,2013,04:52:40,241,
11,Jul,2013,04:53:04,241,
11,Jul,2013,04:53:40,239,
11,Jul,2013,04:54:04,239,
11,Jul,2013,04:54:40,239,
11,Jul,2013,04:55:04,238,
11,Jul,2013,04:55:40,241,
11,Jul,2013,04:56:03,240,
11,Jul,2013,04:56:40,242,
11,Jul,2013,04:57:04,241,
11,Jul,2013,04:57:40,241,
11,Jul,2013,04:58:03,241,
11,Jul,2013,04:58:39,241,
11,Jul,2013,04:59:04,242,
11,Jul,2013,04:59:41,242,
11,Jul,2013,05:00:04,242,
11,Jul,2013,05:00:41,243,
11,Jul,2013,05:01:04,242,
11,Jul,2013,05:01:40,243,
11,Jul,2013,05:02:03,243,
11,Jul,2013,05:02:40,244,
11,Jul,2013,05:03:04,243,
11,Jul,2013,05:03:40,243,
11,Jul,2013,05:04:03,244,
11,Jul,2013,05:04:39,243,
11,Jul,2013,05:05:03,243,
11,Jul,2013,05:05:40,243,
11,Jul,2013,05:06:04,243,
11,Jul,2013,05:06:40,244,
11,Jul,2013,05:07:03,244,
11,Jul,2013,05:07:39,244,
11,Jul,2013,05:08:03,244,
11,Jul,2013,05:08:38,245,
11,Jul,2013,05:09:03,244,
11,Jul,2013,05:09:39,244,
11,Jul,2013,05:10:03,244,
11,Jul,2013,05:10:39,244,
11,Jul,2013,05:11:03,244,
11,Jul,2013,05:11:40,245,
11,Jul,2013,05:12:04,245,
11,Jul,2013,05:12:40,245,
11,Jul,2013,05:13:03,246,
11,Jul,2013,05:13:39,246,
11,Jul,2013,05:14:03,246,
11,Jul,2013,05:14:39,246,
11,Jul,2013,05:15:03,246,
11,Jul,2013,05:15:40,246,
11,Jul,2013,05:16:04,248,
11,Jul,2013,05:16:40,1118,
11,Jul,2013,05:17:03,467,
11,Jul,2013,05:17:40,314,
11,Jul,2013,05:18:04,302,
11,Jul,2013,05:18:40,321,
11,Jul,2013,05:19:04,301,
11,Jul,2013,05:19:40,279,
11,Jul,2013,05:20:04,273,
11,Jul,2013,05:20:41,271,
11,Jul,2013,05:21:04,271,
11,Jul,2013,05:21:41,272,
11,Jul,2013,05:22:04,270,
11,Jul,2013,05:22:40,270,
11,Jul,2013,05:23:04,266,
11,Jul,2013,05:23:41,265,
11,Jul,2013,05:24:04,265,
11,Jul,2013,05:24:41,265,
11,Jul,2013,05:25:04,265,
11,Jul,2013,05:25:41,265,
11,Jul,2013,05:26:04,266,
11,Jul,2013,05:26:41,262,
11,Jul,2013,05:27:04,264,
11,Jul,2013,05:27:40,260,
11,Jul,2013,05:28:04,259,
11,Jul,2013,05:28:40,260,
11,Jul,2013,05:29:04,259,
11,Jul,2013,05:30:43,265,
11,Jul,2013,05:31:04,263,
11,Jul,2013,05:31:20,263,
11,Jul,2013,05:31:41,264,
11,Jul,2013,05:32:05,264,
11,Jul,2013,05:32:41,263,
11,Jul,2013,05:33:04,265,
11,Jul,2013,05:33:41,265,
11,Jul,2013,05:34:03,266,
11,Jul,2013,05:34:40,265,
11,Jul,2013,05:35:04,264,
11,Jul,2013,05:35:40,264,
11,Jul,2013,05:36:04,265,
11,Jul,2013,05:36:40,265,
11,Jul,2013,05:37:04,265,
11,Jul,2013,05:37:40,265,
11,Jul,2013,05:38:03,263,
11,Jul,2013,05:38:40,264,
11,Jul,2013,05:39:04,264,
11,Jul,2013,05:39:40,265,
11,Jul,2013,05:40:04,265,
11,Jul,2013,05:40:42,265,
11,Jul,2013,05:41:04,265,
11,Jul,2013,05:41:40,264,
11,Jul,2013,05:42:04,265,
11,Jul,2013,05:42:42,265,
11,Jul,2013,05:43:03,267,
11,Jul,2013,05:43:39,266,
11,Jul,2013,05:44:04,267,
11,Jul,2013,05:44:56,267,
11,Jul,2013,05:45:03,266,
11,Jul,2013,05:45:40,267,
11,Jul,2013,05:46:03,266,
11,Jul,2013,05:46:40,265,
11,Jul,2013,05:47:04,266,
11,Jul,2013,05:47:41,265,
11,Jul,2013,05:48:04,266,
11,Jul,2013,05:48:41,266,
11,Jul,2013,05:49:04,264,
11,Jul,2013,05:49:41,274,
11,Jul,2013,05:50:04,264,
11,Jul,2013,05:50:42,0,
11,Jul,2013,05:51:04,0,
11,Jul,2013,05:51:40,0,
11,Jul,2013,05:52:04,0,
11,Jul,2013,05:52:39,0,
11,Jul,2013,05:53:03,0,
11,Jul,2013,05:53:39,0,
11,Jul,2013,05:54:03,0,
11,Jul,2013,05:54:39,0,
11,Jul,2013,05:55:04,0,
11,Jul,2013,05:55:39,0,
11,Jul,2013,05:56:03,0,
11,Jul,2013,05:56:39,0,
11,Jul,2013,05:57:04,0,
11,Jul,2013,05:57:40,0,
11,Jul,2013,05:58:03,0,
11,Jul,2013,05:58:39,0,
11,Jul,2013,05:59:03,0,
11,Jul,2013,05:59:39,0,
11,Jul,2013,06:00:03,0,
11,Jul,2013,06:00:39,0,
11,Jul,2013,06:01:03,0,
11,Jul,2013,06:01:39,0,
11,Jul,2013,06:02:04,0,
11,Jul,2013,06:02:41,0,
11,Jul,2013,06:03:04,0,
11,Jul,2013,06:03:40,0,
11,Jul,2013,06:04:04,0,
11,Jul,2013,06:04:40,0,
11,Jul,2013,06:05:04,0,
11,Jul,2013,06:05:41,0,
11,Jul,2013,06:06:04,0,
11,Jul,2013,06:06:40,0,
11,Jul,2013,06:07:04,0,
11,Jul,2013,06:07:41,0,
11,Jul,2013,06:08:04,0,
11,Jul,2013,06:08:40,0,
11,Jul,2013,06:09:04,0,
11,Jul,2013,06:09:40,0,
11,Jul,2013,06:10:04,0,
11,Jul,2013,06:10:40,0,
11,Jul,2013,06:11:04,0,
11,Jul,2013,06:11:40,0,
11,Jul,2013,06:12:04,0,
11,Jul,2013,06:12:39,0,
11,Jul,2013,06:13:03,0,
11,Jul,2013,06:13:40,0,
11,Jul,2013,06:14:03,0,
11,Jul,2013,06:14:39,0,
11,Jul,2013,06:15:03,0,
11,Jul,2013,06:15:39,0,
11,Jul,2013,06:16:03,0,
11,Jul,2013,06:16:39,0,
11,Jul,2013,06:17:03,0,
11,Jul,2013,06:17:39,0,
11,Jul,2013,06:18:03,0,
11,Jul,2013,06:18:40,0,
11,Jul,2013,06:19:04,0,
11,Jul,2013,06:19:40,0,
11,Jul,2013,06:20:04,0,
11,Jul,2013,06:20:40,0,
11,Jul,2013,06:21:04,0,
11,Jul,2013,06:21:41,0,
11,Jul,2013,06:22:04,0,
11,Jul,2013,06:22:40,0,
11,Jul,2013,06:23:04,0,
11,Jul,2013,06:23:40,0,
11,Jul,2013,06:24:04,0,
11,Jul,2013,06:24:40,0,
11,Jul,2013,06:25:05,0,
11,Jul,2013,06:26:34,0,
11,Jul,2013,06:27:04,0,
11,Jul,2013,06:27:10,0,
11,Jul,2013,06:27:40,0,
11,Jul,2013,06:28:04,0,
11,Jul,2013,06:28:40,0,
11,Jul,2013,06:29:03,0,
11,Jul,2013,06:29:39,0,
11,Jul,2013,06:30:04,0,
11,Jul,2013,06:30:40,0,
11,Jul,2013,06:31:04,0,
11,Jul,2013,06:31:40,0,
11,Jul,2013,06:32:04,0,
11,Jul,2013,06:32:40,0,
11,Jul,2013,06:33:04,0,
11,Jul,2013,06:33:40,0,
11,Jul,2013,06:34:03,0,
11,Jul,2013,06:34:40,0,
11,Jul,2013,06:35:04,0,
11,Jul,2013,06:35:40,0,
11,Jul,2013,06:36:03,0,
11,Jul,2013,06:36:39,0,
11,Jul,2013,06:37:03,0,
11,Jul,2013,06:37:39,0,
11,Jul,2013,06:38:03,0,
11,Jul,2013,06:38:40,0,
11,Jul,2013,06:39:03,0,
11,Jul,2013,06:39:40,0,
11,Jul,2013,06:40:03,0,
11,Jul,2013,06:40:39,0,
11,Jul,2013,06:41:04,0,
11,Jul,2013,07:54:26,0,
11,Jul,2013,07:55:04,0,
11,Jul,2013,07:55:04,0,
11,Jul,2013,07:55:40,0,
11,Jul,2013,07:56:04,0,
11,Jul,2013,07:56:40,0,
11,Jul,2013,07:57:04,0,
11,Jul,2013,07:57:39,0,
11,Jul,2013,07:58:03,0,
11,Jul,2013,07:58:39,0,
11,Jul,2013,07:59:04,0,
11,Jul,2013,07:59:40,0,
11,Jul,2013,08:00:04,0,
11,Jul,2013,08:00:40,0,
11,Jul,2013,08:01:03,0,
11,Jul,2013,08:01:39,0,
11,Jul,2013,08:02:04,0,
11,Jul,2013,08:02:40,0,
11,Jul,2013,08:03:03,0,
11,Jul,2013,08:03:39,0,
11,Jul,2013,08:04:04,0,
11,Jul,2013,08:04:40,0,
11,Jul,2013,08:05:03,0,
11,Jul,2013,08:05:40,0,
11,Jul,2013,08:06:03,0,
11,Jul,2013,08:06:40,0,
11,Jul,2013,08:07:04,0,
11,Jul,2013,08:07:41,0,
11,Jul,2013,08:08:03,0,
11,Jul,2013,08:08:39,0,
11,Jul,2013,08:09:04,0,
11,Jul,2013,08:09:40,0,
11,Jul,2013,08:10:04,0,
11,Jul,2013,08:10:40,0,
11,Jul,2013,08:11:04,0,
11,Jul,2013,08:11:40,0,
11,Jul,2013,08:12:03,0,
11,Jul,2013,08:12:39,0,
11,Jul,2013,08:13:03,0,
11,Jul,2013,08:13:39,0,
11,Jul,2013,08:14:04,0,
11,Jul,2013,08:14:39,0,
11,Jul,2013,08:15:04,0,
11,Jul,2013,08:15:40,0,
11,Jul,2013,08:16:03,0,
11,Jul,2013,08:16:40,0,
11,Jul,2013,08:17:03,0,
11,Jul,2013,08:17:39,0,
11,Jul,2013,08:18:04,0,
11,Jul,2013,08:18:40,0,
11,Jul,2013,08:19:04,0,
11,Jul,2013,08:19:39,0,
11,Jul,2013,08:20:04,0,
11,Jul,2013,08:20:40,0,
11,Jul,2013,08:21:04,0,
11,Jul,2013,08:21:40,0,
11,Jul,2013,08:22:03,0,
11,Jul,2013,08:22:39,0,
11,Jul,2013,08:23:04,0,
11,Jul,2013,08:23:40,0,
11,Jul,2013,08:24:03,0,
11,Jul,2013,08:24:39,0,
11,Jul,2013,08:25:03,0,
11,Jul,2013,08:25:39,0,
11,Jul,2013,08:26:03,0,
11,Jul,2013,08:26:39,0,
11,Jul,2013,08:27:04,0,
11,Jul,2013,08:27:40,0,
11,Jul,2013,08:28:03,0,
11,Jul,2013,08:28:40,0,
11,Jul,2013,08:29:03,0,
11,Jul,2013,08:29:39,0,
11,Jul,2013,08:30:03,0,
11,Jul,2013,08:30:40,0,
11,Jul,2013,08:31:03,0,
11,Jul,2013,08:31:40,0,
11,Jul,2013,08:32:04,0,
11,Jul,2013,08:32:39,0,
11,Jul,2013,08:33:03,0,
11,Jul,2013,08:33:39,0,
11,Jul,2013,08:34:03,0,
11,Jul,2013,08:34:39,0,
11,Jul,2013,08:35:03,0,
11,Jul,2013,08:35:39,0,
11,Jul,2013,08:36:03,0,
11,Jul,2013,08:36:39,0,
11,Jul,2013,08:37:03,0,
11,Jul,2013,08:37:39,0,
11,Jul,2013,08:38:04,0,
11,Jul,2013,08:38:39,0,
11,Jul,2013,08:39:03,0,
11,Jul,2013,08:39:39,0,
11,Jul,2013,08:40:04,0,
11,Jul,2013,08:40:39,0,
11,Jul,2013,08:41:04,0,
11,Jul,2013,08:41:40,0,
11,Jul,2013,08:42:03,0,
11,Jul,2013,08:42:39,0,
11,Jul,2013,08:43:03,0,
11,Jul,2013,08:43:39,0,
11,Jul,2013,08:44:04,0,
11,Jul,2013,08:44:40,0,
11,Jul,2013,08:45:03,0,
11,Jul,2013,08:45:39,0,
11,Jul,2013,08:46:04,0,
11,Jul,2013,08:46:39,0,
11,Jul,2013,08:47:03,0,
11,Jul,2013,08:47:39,0,
11,Jul,2013,08:48:03,0,
11,Jul,2013,08:48:39,0,
11,Jul,2013,08:49:03,0,
11,Jul,2013,08:49:39,0,
11,Jul,2013,08:50:03,0,
11,Jul,2013,08:50:39,0,
11,Jul,2013,08:51:03,0,
11,Jul,2013,08:51:39,0,
11,Jul,2013,08:52:04,0,
11,Jul,2013,08:52:39,0,
11,Jul,2013,08:53:03,0,
11,Jul,2013,08:53:39,0,
11,Jul,2013,08:54:03,0,
11,Jul,2013,08:54:39,0,
11,Jul,2013,08:55:03,0,
11,Jul,2013,08:55:39,0,
11,Jul,2013,08:56:04,0,
11,Jul,2013,08:56:39,0,
11,Jul,2013,08:57:04,0,
11,Jul,2013,08:57:40,0,
11,Jul,2013,08:58:03,0,
11,Jul,2013,08:58:39,0,
11,Jul,2013,08:59:03,0,
11,Jul,2013,08:59:39,0,
11,Jul,2013,09:00:04,0,
11,Jul,2013,09:00:40,0,
11,Jul,2013,09:01:03,0,
11,Jul,2013,09:01:39,0,
11,Jul,2013,09:02:04,0,
11,Jul,2013,09:02:39,0,
11,Jul,2013,09:03:03,0,
11,Jul,2013,09:03:38,0,
11,Jul,2013,09:04:03,0,
11,Jul,2013,09:04:39,0,
11,Jul,2013,09:05:03,0,
11,Jul,2013,09:05:39,0,
11,Jul,2013,09:06:03,0,
11,Jul,2013,09:06:39,0,
11,Jul,2013,09:07:03,0,
11,Jul,2013,09:07:39,0,
11,Jul,2013,09:08:03,0,
11,Jul,2013,09:08:39,0,
11,Jul,2013,09:09:03,0,
11,Jul,2013,09:09:39,0,
11,Jul,2013,09:10:04,0,
11,Jul,2013,09:10:39,0,
11,Jul,2013,09:11:03,0,
11,Jul,2013,09:11:39,0,
11,Jul,2013,09:12:03,0,
11,Jul,2013,09:12:39,0,
11,Jul,2013,09:13:04,0,
11,Jul,2013,09:13:40,0,
11,Jul,2013,09:14:04,0,
11,Jul,2013,09:14:39,0,
11,Jul,2013,09:15:04,0,
11,Jul,2013,09:15:39,0,
11,Jul,2013,09:16:04,0,
11,Jul,2013,09:16:39,0,
11,Jul,2013,09:17:04,0,
11,Jul,2013,09:17:40,0,
11,Jul,2013,09:18:04,0,
11,Jul,2013,09:18:39,0,
11,Jul,2013,09:19:04,0,
11,Jul,2013,09:19:39,0,
11,Jul,2013,09:20:03,0,
11,Jul,2013,09:20:39,0,
11,Jul,2013,09:21:03,0,
11,Jul,2013,09:21:39,0,
11,Jul,2013,09:22:03,0,
11,Jul,2013,09:22:39,0,
11,Jul,2013,09:23:03,0,
11,Jul,2013,09:23:39,0,
11,Jul,2013,09:24:03,0,
11,Jul,2013,09:24:39,0,
11,Jul,2013,09:25:04,0,
11,Jul,2013,09:25:39,0,
11,Jul,2013,09:26:04,0,
11,Jul,2013,09:26:39,0,
11,Jul,2013,09:27:04,0,
11,Jul,2013,09:27:39,0,
11,Jul,2013,09:28:03,0,
11,Jul,2013,09:28:39,0,
11,Jul,2013,09:29:03,0,
11,Jul,2013,09:29:39,0,
11,Jul,2013,09:30:03,0,
11,Jul,2013,09:30:39,0,
11,Jul,2013,09:31:03,0,
11,Jul,2013,09:31:39,0,
11,Jul,2013,09:32:03,0,
11,Jul,2013,09:32:39,0,
11,Jul,2013,09:33:03,0,
11,Jul,2013,09:33:39,0,
11,Jul,2013,09:34:03,0,
11,Jul,2013,09:34:39,0,
11,Jul,2013,09:35:03,0,
11,Jul,2013,09:35:40,0,
11,Jul,2013,09:36:03,0,
11,Jul,2013,09:36:39,0,
11,Jul,2013,09:37:03,0,
11,Jul,2013,09:37:39,0,
11,Jul,2013,09:38:04,0,
11,Jul,2013,09:38:39,0,
11,Jul,2013,09:39:04,0,
11,Jul,2013,09:39:39,0,
11,Jul,2013,09:40:03,0,
11,Jul,2013,09:40:39,0,
11,Jul,2013,09:41:03,0,
11,Jul,2013,09:41:39,0,
11,Jul,2013,09:42:03,0,
11,Jul,2013,09:42:39,0,
11,Jul,2013,09:43:03,0,
11,Jul,2013,09:43:40,0,
11,Jul,2013,09:44:03,0,
11,Jul,2013,09:44:39,0,
11,Jul,2013,09:45:03,0,
11,Jul,2013,09:45:39,0,
11,Jul,2013,09:46:03,0,
11,Jul,2013,09:46:39,0,
11,Jul,2013,09:47:03,0,
11,Jul,2013,09:47:39,0,
11,Jul,2013,09:48:03,0,
11,Jul,2013,09:48:39,0,
11,Jul,2013,09:49:04,0,
11,Jul,2013,09:49:39,0,
11,Jul,2013,09:50:03,0,
11,Jul,2013,09:50:39,0,
11,Jul,2013,09:51:03,0,
11,Jul,2013,09:51:39,0,
11,Jul,2013,09:52:03,0,
11,Jul,2013,09:52:39,0,
11,Jul,2013,09:53:04,0,
11,Jul,2013,09:53:39,0,
11,Jul,2013,09:54:03,0,
11,Jul,2013,09:54:39,0,
11,Jul,2013,09:55:03,0,
11,Jul,2013,09:55:39,0,
11,Jul,2013,09:56:03,0,
11,Jul,2013,09:56:39,0,
11,Jul,2013,09:57:04,0,
11,Jul,2013,09:57:39,0,
11,Jul,2013,09:58:03,0,
11,Jul,2013,09:58:38,0,
11,Jul,2013,09:59:03,0,
11,Jul,2013,09:59:38,0,
11,Jul,2013,10:00:03,0,
11,Jul,2013,10:00:38,0,
11,Jul,2013,10:01:04,0,
11,Jul,2013,10:01:39,0,
11,Jul,2013,10:02:04,0,
11,Jul,2013,10:02:39,0,
11,Jul,2013,10:03:03,0,
11,Jul,2013,10:03:38,0,
11,Jul,2013,10:04:03,0,
11,Jul,2013,10:04:39,0,
11,Jul,2013,10:05:03,0,
11,Jul,2013,10:05:41,0,
11,Jul,2013,10:06:03,0,
11,Jul,2013,10:06:39,0,
11,Jul,2013,10:07:03,0,
11,Jul,2013,10:07:39,0,
11,Jul,2013,10:08:03,0,
11,Jul,2013,10:08:39,0,
11,Jul,2013,10:09:03,0,
11,Jul,2013,10:09:39,0,
11,Jul,2013,10:10:04,0,
11,Jul,2013,10:10:39,0,
11,Jul,2013,10:11:04,0,
11,Jul,2013,10:11:39,0,
11,Jul,2013,10:12:04,0,
11,Jul,2013,10:12:39,0,
11,Jul,2013,10:13:03,0,
11,Jul,2013,10:13:40,0,
11,Jul,2013,10:14:03,0,
11,Jul,2013,10:14:40,0,
11,Jul,2013,10:15:04,0,
11,Jul,2013,10:15:39,0,
11,Jul,2013,10:16:03,0,
11,Jul,2013,10:16:39,0,
11,Jul,2013,10:17:04,0,
11,Jul,2013,10:17:39,0,
11,Jul,2013,10:18:03,0,
11,Jul,2013,10:18:39,0,
11,Jul,2013,10:19:03,0,
11,Jul,2013,10:19:39,0,
11,Jul,2013,10:20:03,0,
11,Jul,2013,10:20:39,0,
11,Jul,2013,10:21:03,0,
11,Jul,2013,10:21:39,0,
11,Jul,2013,10:22:03,0,
11,Jul,2013,10:22:39,0,
11,Jul,2013,10:23:03,0,
11,Jul,2013,10:23:38,0,
11,Jul,2013,10:24:03,0,
11,Jul,2013,10:24:38,0,
11,Jul,2013,10:25:03,0,
11,Jul,2013,10:25:38,0,
11,Jul,2013,10:26:03,0,
11,Jul,2013,10:26:38,0,
11,Jul,2013,10:27:03,0,
11,Jul,2013,10:27:38,0,
11,Jul,2013,10:28:04,0,
11,Jul,2013,10:28:39,0,
11,Jul,2013,10:29:04,0,
11,Jul,2013,10:29:40,0,
11,Jul,2013,10:30:03,0,
11,Jul,2013,10:30:39,0,
11,Jul,2013,10:31:03,0,
11,Jul,2013,10:31:39,0,
11,Jul,2013,10:32:03,0,
11,Jul,2013,10:32:39,0,
11,Jul,2013,10:33:03,0,
11,Jul,2013,10:33:39,0,
11,Jul,2013,10:34:03,0,
11,Jul,2013,10:34:39,0,
11,Jul,2013,10:35:03,0,
11,Jul,2013,10:35:39,0,
11,Jul,2013,10:36:03,0,
11,Jul,2013,10:36:39,0,
11,Jul,2013,10:37:03,0,
11,Jul,2013,10:37:39,0,
11,Jul,2013,10:38:03,0,
11,Jul,2013,10:38:39,0,
11,Jul,2013,10:39:03,0,
11,Jul,2013,10:39:39,0,
11,Jul,2013,10:40:03,0,
11,Jul,2013,10:40:39,0,
11,Jul,2013,10:41:03,0,
11,Jul,2013,10:41:39,0,
11,Jul,2013,10:42:03,0,
11,Jul,2013,10:42:39,0,
11,Jul,2013,10:43:04,0,
11,Jul,2013,10:43:40,0,
11,Jul,2013,10:44:04,0,
11,Jul,2013,10:44:39,0,
11,Jul,2013,10:45:04,0,
11,Jul,2013,10:45:39,0,
11,Jul,2013,10:46:03,0,
11,Jul,2013,10:46:39,0,
11,Jul,2013,10:47:03,0,
11,Jul,2013,10:47:38,0,
11,Jul,2013,10:48:03,0,
11,Jul,2013,10:48:39,0,
11,Jul,2013,10:49:03,0,
11,Jul,2013,10:49:39,0,
11,Jul,2013,10:50:03,0,
11,Jul,2013,10:50:39,0,
11,Jul,2013,10:51:03,0,
11,Jul,2013,10:51:39,0,
11,Jul,2013,10:52:03,0,
11,Jul,2013,10:52:39,0,
11,Jul,2013,10:53:03,0,
11,Jul,2013,10:53:39,0,
11,Jul,2013,10:54:03,0,
11,Jul,2013,10:54:38,0,
11,Jul,2013,10:55:03,0,
11,Jul,2013,10:55:39,0,
11,Jul,2013,10:56:03,0,
11,Jul,2013,10:56:39,0,
11,Jul,2013,10:57:03,0,
11,Jul,2013,10:57:39,0,
11,Jul,2013,10:58:03,0,
11,Jul,2013,10:58:39,0,
11,Jul,2013,10:59:03,0,
11,Jul,2013,10:59:38,0,
11,Jul,2013,11:00:04,0,
11,Jul,2013,11:00:39,0,
11,Jul,2013,11:01:03,0,
11,Jul,2013,11:01:39,0,
11,Jul,2013,11:02:04,0,
11,Jul,2013,11:02:40,0,
11,Jul,2013,11:03:04,0,
11,Jul,2013,11:03:40,0,
11,Jul,2013,11:04:04,0,
11,Jul,2013,11:04:42,0,
11,Jul,2013,11:05:04,0,
11,Jul,2013,11:05:40,0,
11,Jul,2013,11:06:03,0,
11,Jul,2013,11:06:39,0,
11,Jul,2013,11:07:03,0,
11,Jul,2013,11:07:39,0,
11,Jul,2013,11:08:03,0,
11,Jul,2013,11:08:39,0,
11,Jul,2013,11:09:03,0,
11,Jul,2013,11:09:40,0,
11,Jul,2013,11:10:03,0,
11,Jul,2013,11:10:39,0,
11,Jul,2013,11:11:03,0,
11,Jul,2013,11:11:39,0,
11,Jul,2013,11:12:03,0,
11,Jul,2013,11:12:39,0,
11,Jul,2013,11:13:03,0,
11,Jul,2013,11:13:39,0,
11,Jul,2013,11:14:03,0,
11,Jul,2013,11:14:39,0,
11,Jul,2013,11:15:03,0,
11,Jul,2013,11:15:39,0,
11,Jul,2013,11:16:03,0,
11,Jul,2013,11:16:40,0,
11,Jul,2013,11:17:03,0,
11,Jul,2013,11:17:39,0,
11,Jul,2013,11:18:03,0,
11,Jul,2013,11:18:39,0,
11,Jul,2013,11:19:04,0,
11,Jul,2013,11:19:39,0,
11,Jul,2013,11:20:03,0,
11,Jul,2013,11:20:38,0,
11,Jul,2013,11:21:04,0,
11,Jul,2013,11:21:39,0,
11,Jul,2013,11:22:03,0,
11,Jul,2013,11:22:39,0,
11,Jul,2013,11:23:03,0,
11,Jul,2013,11:23:39,0,
11,Jul,2013,11:24:03,0,
11,Jul,2013,11:24:39,0,
11,Jul,2013,11:25:03,0,
11,Jul,2013,11:25:39,0,
11,Jul,2013,11:26:03,0,
11,Jul,2013,11:26:40,0,
11,Jul,2013,11:27:03,0,
11,Jul,2013,11:27:39,0,
11,Jul,2013,11:28:03,0,
11,Jul,2013,11:28:39,0,
11,Jul,2013,11:29:03,0,
11,Jul,2013,11:29:39,0,
11,Jul,2013,11:30:03,0,
11,Jul,2013,11:30:39,0,
11,Jul,2013,11:31:03,0,
11,Jul,2013,11:31:39,0,
11,Jul,2013,11:32:03,0,
11,Jul,2013,11:32:39,0,
11,Jul,2013,11:33:03,0,
11,Jul,2013,11:33:39,0,
11,Jul,2013,11:34:03,0,
11,Jul,2013,11:34:39,0,
11,Jul,2013,11:35:03,0,
11,Jul,2013,11:35:39,0,
11,Jul,2013,11:36:03,0,
11,Jul,2013,11:36:39,0,
11,Jul,2013,11:37:03,0,
11,Jul,2013,11:37:38,0,
11,Jul,2013,11:38:03,0,
11,Jul,2013,11:38:38,0,
11,Jul,2013,11:39:03,0,
11,Jul,2013,11:39:39,0,
11,Jul,2013,11:40:03,0,
11,Jul,2013,11:40:39,0,
11,Jul,2013,11:41:03,0,
11,Jul,2013,11:41:40,0,
11,Jul,2013,11:42:03,0,
11,Jul,2013,11:42:43,0,
11,Jul,2013,11:43:03,0,
11,Jul,2013,11:43:39,0,
11,Jul,2013,11:44:04,0,
11,Jul,2013,11:44:39,0,
11,Jul,2013,11:45:03,0,
11,Jul,2013,11:45:41,0,
11,Jul,2013,11:46:04,0,
11,Jul,2013,11:46:39,0,
11,Jul,2013,11:47:03,0,
11,Jul,2013,11:47:41,0,
11,Jul,2013,11:48:03,0,
11,Jul,2013,11:48:39,0,
11,Jul,2013,11:49:04,0,
11,Jul,2013,11:49:40,0,
11,Jul,2013,11:50:03,0,
11,Jul,2013,11:50:40,0,
11,Jul,2013,11:51:04,0,
11,Jul,2013,11:51:41,0,
11,Jul,2013,11:52:04,0,
11,Jul,2013,11:52:40,0,
11,Jul,2013,11:53:05,0,
11,Jul,2013,11:53:41,0,
11,Jul,2013,11:54:03,0,
11,Jul,2013,11:54:40,0,
11,Jul,2013,11:55:03,0,
11,Jul,2013,11:55:39,0,
11,Jul,2013,11:56:04,0,
11,Jul,2013,11:56:40,0,
11,Jul,2013,11:57:03,0,
11,Jul,2013,11:57:39,0,
11,Jul,2013,11:58:04,0,
11,Jul,2013,11:58:40,0,
11,Jul,2013,11:59:04,0,
11,Jul,2013,11:59:40,0,
11,Jul,2013,12:00:03,0,
11,Jul,2013,12:00:40,0,
11,Jul,2013,12:01:04,0,
11,Jul,2013,12:01:40,0,
11,Jul,2013,12:02:04,0,
11,Jul,2013,12:02:40,0,
11,Jul,2013,12:03:04,0,
11,Jul,2013,12:03:40,0,
11,Jul,2013,12:04:04,0,
11,Jul,2013,12:04:40,0,
11,Jul,2013,12:05:04,0,
11,Jul,2013,12:05:40,0,
11,Jul,2013,12:06:03,0,
11,Jul,2013,12:06:39,0,
11,Jul,2013,12:07:04,0,
11,Jul,2013,12:07:40,0,
11,Jul,2013,12:08:04,0,
11,Jul,2013,12:08:40,0,
11,Jul,2013,12:09:04,0,
11,Jul,2013,12:09:40,0,
11,Jul,2013,12:10:03,0,
11,Jul,2013,12:10:39,0,
11,Jul,2013,12:11:04,0,
11,Jul,2013,12:11:40,0,
11,Jul,2013,12:12:04,0,
11,Jul,2013,12:12:39,0,
11,Jul,2013,12:13:03,0,
11,Jul,2013,12:13:39,0,
11,Jul,2013,12:14:04,0,
11,Jul,2013,12:14:40,0,
11,Jul,2013,12:15:03,0,
11,Jul,2013,12:15:39,0,
11,Jul,2013,12:16:04,0,
11,Jul,2013,12:16:40,0,
11,Jul,2013,12:17:03,0,
11,Jul,2013,12:17:39,0,
11,Jul,2013,12:18:04,0,
11,Jul,2013,12:18:39,0,
11,Jul,2013,12:19:03,0,
11,Jul,2013,12:19:39,0,
11,Jul,2013,12:20:04,0,
11,Jul,2013,12:20:40,0,
11,Jul,2013,12:21:04,0,
11,Jul,2013,12:21:40,0,
11,Jul,2013,12:22:04,0,
11,Jul,2013,12:22:40,0,
11,Jul,2013,12:23:04,0,
11,Jul,2013,12:23:40,0,
11,Jul,2013,12:24:03,0,
11,Jul,2013,12:24:38,0,
11,Jul,2013,12:25:03,0,
11,Jul,2013,12:25:39,0,
11,Jul,2013,12:26:04,0,
11,Jul,2013,12:26:39,0,
11,Jul,2013,12:27:03,0,
11,Jul,2013,12:27:40,0,
11,Jul,2013,12:28:03,0,
11,Jul,2013,12:28:39,0,
11,Jul,2013,12:29:04,0,
11,Jul,2013,12:29:39,0,
11,Jul,2013,12:30:04,0,
11,Jul,2013,12:30:40,0,
11,Jul,2013,12:31:04,0,
11,Jul,2013,12:31:40,0,
11,Jul,2013,12:32:04,0,
11,Jul,2013,12:32:40,0,
11,Jul,2013,12:33:04,0,
11,Jul,2013,12:33:40,0,
11,Jul,2013,12:34:04,0,
11,Jul,2013,12:34:40,0,
11,Jul,2013,12:35:04,0,
11,Jul,2013,12:35:40,0,
11,Jul,2013,12:36:04,0,
11,Jul,2013,12:36:40,0,
11,Jul,2013,12:37:03,0,
11,Jul,2013,12:37:39,0,
11,Jul,2013,12:38:04,0,
11,Jul,2013,12:38:40,0,
11,Jul,2013,12:39:04,0,
11,Jul,2013,12:39:40,0,
11,Jul,2013,12:40:04,0,
11,Jul,2013,12:40:40,0,
11,Jul,2013,12:41:04,0,
11,Jul,2013,12:41:40,0,
11,Jul,2013,12:42:04,0,
11,Jul,2013,12:42:40,0,
11,Jul,2013,12:43:03,0,
11,Jul,2013,12:43:39,0,
11,Jul,2013,12:44:04,0,
11,Jul,2013,12:44:40,0,
11,Jul,2013,12:45:03,0,
11,Jul,2013,12:45:39,0,
11,Jul,2013,12:46:04,0,
11,Jul,2013,12:46:45,0,
11,Jul,2013,12:47:03,0,
11,Jul,2013,12:47:39,0,
11,Jul,2013,12:48:04,0,
11,Jul,2013,12:48:40,0,
11,Jul,2013,12:49:04,0,
11,Jul,2013,12:49:40,0,
11,Jul,2013,12:50:03,0,
11,Jul,2013,12:50:39,0,
11,Jul,2013,12:51:04,0,
11,Jul,2013,12:51:40,0,
11,Jul,2013,12:52:04,0,
11,Jul,2013,12:52:40,0,
11,Jul,2013,12:53:04,0,
11,Jul,2013,12:53:40,0,
11,Jul,2013,12:54:03,0,
11,Jul,2013,12:54:40,0,
11,Jul,2013,12:55:03,0,
11,Jul,2013,12:55:39,0,
11,Jul,2013,12:56:04,0,
11,Jul,2013,12:56:40,0,
11,Jul,2013,12:57:04,0,
11,Jul,2013,12:57:40,0,
11,Jul,2013,12:58:03,0,
11,Jul,2013,12:58:39,0,
11,Jul,2013,12:59:04,0,
11,Jul,2013,12:59:39,0,
11,Jul,2013,13:00:03,0,
11,Jul,2013,13:00:42,0,
11,Jul,2013,13:01:04,0,
11,Jul,2013,13:01:39,0,
11,Jul,2013,13:02:03,0,
11,Jul,2013,13:02:39,0,
11,Jul,2013,13:03:04,0,
11,Jul,2013,13:03:40,0,
11,Jul,2013,13:04:03,0,
11,Jul,2013,13:04:39,0,
11,Jul,2013,13:05:04,0,
11,Jul,2013,13:05:40,0,
11,Jul,2013,13:06:04,0,
11,Jul,2013,13:06:40,0,
11,Jul,2013,13:07:04,0,
11,Jul,2013,13:07:40,0,
11,Jul,2013,13:08:03,0,
11,Jul,2013,13:08:39,0,
11,Jul,2013,13:09:03,0,
11,Jul,2013,13:09:39,0,
11,Jul,2013,13:10:04,0,
11,Jul,2013,13:10:40,0,
11,Jul,2013,13:11:04,0,
11,Jul,2013,13:11:39,0,
11,Jul,2013,13:12:03,0,
11,Jul,2013,13:12:39,0,
11,Jul,2013,13:13:03,0,
11,Jul,2013,13:13:39,0,
11,Jul,2013,13:14:04,0,
11,Jul,2013,13:14:39,0,
11,Jul,2013,13:15:04,0,
11,Jul,2013,13:15:40,0,
11,Jul,2013,13:16:04,0,
11,Jul,2013,13:16:40,0,
11,Jul,2013,13:17:03,0,
11,Jul,2013,13:17:40,0,
11,Jul,2013,13:18:03,0,
11,Jul,2013,13:18:39,0,
11,Jul,2013,13:19:03,0,
11,Jul,2013,13:19:39,0,
11,Jul,2013,13:20:03,0,
11,Jul,2013,13:20:39,0,
11,Jul,2013,13:21:04,0,
11,Jul,2013,13:21:39,0,
11,Jul,2013,13:22:03,0,
11,Jul,2013,13:22:39,0,
11,Jul,2013,13:23:03,0,
11,Jul,2013,13:23:39,0,
11,Jul,2013,13:24:03,0,
11,Jul,2013,13:24:39,0,
11,Jul,2013,13:25:04,0,
11,Jul,2013,13:25:40,0,
11,Jul,2013,13:26:03,0,
11,Jul,2013,13:26:39,0,
11,Jul,2013,13:27:04,0,
11,Jul,2013,13:27:39,0,
11,Jul,2013,13:28:04,0,
11,Jul,2013,13:28:40,0,
11,Jul,2013,13:29:03,0,
11,Jul,2013,13:29:39,0,
11,Jul,2013,13:30:03,0,
11,Jul,2013,13:30:40,0,
11,Jul,2013,13:31:04,0,
11,Jul,2013,13:31:40,0,
11,Jul,2013,13:32:03,0,
11,Jul,2013,13:32:39,0,
11,Jul,2013,13:33:04,0,
11,Jul,2013,13:33:40,0,
11,Jul,2013,13:34:03,0,
11,Jul,2013,13:34:40,0,
11,Jul,2013,13:35:03,0,
11,Jul,2013,13:35:39,0,
11,Jul,2013,13:36:04,0,
11,Jul,2013,13:36:40,0,
11,Jul,2013,13:37:04,0,
11,Jul,2013,13:37:39,0,
11,Jul,2013,13:38:04,0,
11,Jul,2013,13:38:41,0,
11,Jul,2013,13:39:04,0,
11,Jul,2013,13:39:40,0,
11,Jul,2013,13:40:03,0,
11,Jul,2013,13:40:39,0,
11,Jul,2013,13:41:04,0,
11,Jul,2013,13:41:40,0,
11,Jul,2013,13:42:03,0,
11,Jul,2013,13:42:39,0,
11,Jul,2013,13:43:04,0,
11,Jul,2013,13:43:40,0,
11,Jul,2013,13:44:04,0,
11,Jul,2013,13:44:40,0,
11,Jul,2013,13:45:04,0,
11,Jul,2013,13:45:40,0,
11,Jul,2013,13:46:04,0,
11,Jul,2013,13:46:40,0,
11,Jul,2013,13:47:03,0,
11,Jul,2013,13:47:39,0,
11,Jul,2013,13:48:04,0,
11,Jul,2013,13:48:39,0,
11,Jul,2013,13:49:03,0,
11,Jul,2013,13:49:39,0,
11,Jul,2013,13:50:04,0,
11,Jul,2013,13:50:40,0,
11,Jul,2013,13:51:04,0,
11,Jul,2013,13:51:39,0,
11,Jul,2013,13:52:03,0,
11,Jul,2013,13:52:40,0,
11,Jul,2013,13:53:03,0,
11,Jul,2013,13:53:39,0,
11,Jul,2013,13:54:04,0,
11,Jul,2013,13:54:39,0,
11,Jul,2013,13:55:03,0,
11,Jul,2013,13:55:39,0,
11,Jul,2013,13:56:04,0,
11,Jul,2013,13:56:40,0,
11,Jul,2013,13:57:03,0,
11,Jul,2013,13:57:39,0,
11,Jul,2013,13:58:04,0,
11,Jul,2013,13:58:40,0,
11,Jul,2013,13:59:03,0,
11,Jul,2013,13:59:39,0,
11,Jul,2013,14:00:03,0,
11,Jul,2013,14:00:40,0,
11,Jul,2013,14:01:04,0,
11,Jul,2013,14:01:40,0,
11,Jul,2013,14:02:03,0,
11,Jul,2013,14:02:39,0,
11,Jul,2013,14:03:04,0,
11,Jul,2013,14:03:40,0,
11,Jul,2013,14:04:03,0,
11,Jul,2013,14:04:39,0,
11,Jul,2013,14:05:04,0,
11,Jul,2013,14:05:40,0,
11,Jul,2013,14:06:03,0,
11,Jul,2013,14:06:39,0,
11,Jul,2013,14:07:04,0,
11,Jul,2013,14:07:40,0,
11,Jul,2013,14:08:03,0,
11,Jul,2013,14:08:39,0,
11,Jul,2013,14:09:04,0,
11,Jul,2013,14:09:39,0,
11,Jul,2013,14:10:03,0,
11,Jul,2013,14:10:39,0,
11,Jul,2013,14:11:04,0,
11,Jul,2013,14:11:39,0,
11,Jul,2013,14:12:03,0,
11,Jul,2013,14:12:39,0,
11,Jul,2013,14:13:04,0,
11,Jul,2013,14:13:39,0,
11,Jul,2013,14:14:03,0,
11,Jul,2013,14:14:39,0,
11,Jul,2013,14:15:03,0,
11,Jul,2013,14:15:39,0,
11,Jul,2013,14:16:04,0,
11,Jul,2013,14:16:40,0,
11,Jul,2013,14:17:03,0,
11,Jul,2013,14:17:40,0,
11,Jul,2013,14:18:03,0,
11,Jul,2013,14:18:39,0,
11,Jul,2013,14:19:03,0,
11,Jul,2013,14:19:39,0,
11,Jul,2013,14:20:04,0,
11,Jul,2013,14:20:40,0,
11,Jul,2013,14:21:03,0,
11,Jul,2013,14:21:39,0,
11,Jul,2013,14:22:03,0,
11,Jul,2013,14:22:39,0,
11,Jul,2013,14:23:03,0,
11,Jul,2013,14:23:39,0,
11,Jul,2013,14:24:03,0,
11,Jul,2013,14:24:39,0,
11,Jul,2013,14:25:03,0,
11,Jul,2013,14:25:39,0,
11,Jul,2013,14:26:04,0,
11,Jul,2013,14:26:39,0,
11,Jul,2013,14:27:03,0,
11,Jul,2013,14:27:39,0,
11,Jul,2013,14:28:03,0,
11,Jul,2013,14:28:39,0,
11,Jul,2013,14:29:03,0,
11,Jul,2013,14:29:40,0,
11,Jul,2013,14:30:04,0,
11,Jul,2013,14:30:40,0,
11,Jul,2013,14:31:04,0,
11,Jul,2013,14:31:40,0,
11,Jul,2013,14:32:04,0,
11,Jul,2013,14:32:40,0,
11,Jul,2013,14:33:05,0,
11,Jul,2013,14:33:41,0,
11,Jul,2013,14:34:04,0,
11,Jul,2013,14:34:40,0,
11,Jul,2013,14:35:04,0,
11,Jul,2013,14:35:40,0,
11,Jul,2013,14:36:04,0,
11,Jul,2013,14:36:40,0,
11,Jul,2013,14:37:03,0,
11,Jul,2013,14:37:40,0,
11,Jul,2013,14:38:04,0,
11,Jul,2013,14:38:40,0,
11,Jul,2013,14:39:04,0,
11,Jul,2013,14:39:40,0,
11,Jul,2013,14:40:04,0,
11,Jul,2013,14:40:40,0,
11,Jul,2013,14:41:04,0,
11,Jul,2013,14:41:40,0,
11,Jul,2013,14:42:03,0,
11,Jul,2013,14:42:39,0,
11,Jul,2013,14:43:03,0,
11,Jul,2013,14:43:39,0,
11,Jul,2013,14:44:04,0,
11,Jul,2013,14:44:39,0,
11,Jul,2013,14:45:03,0,
11,Jul,2013,14:45:38,0,
11,Jul,2013,14:46:03,0,
11,Jul,2013,14:46:38,0,
11,Jul,2013,14:47:03,0,
11,Jul,2013,14:47:38,0,
11,Jul,2013,14:48:03,0,
11,Jul,2013,14:48:38,0,
11,Jul,2013,14:49:04,0,
11,Jul,2013,14:49:39,0,
11,Jul,2013,14:50:04,0,
11,Jul,2013,14:50:41,0,
11,Jul,2013,14:51:03,0,
11,Jul,2013,14:51:38,0,
11,Jul,2013,14:52:03,0,
11,Jul,2013,14:52:38,0,
11,Jul,2013,14:53:03,0,
11,Jul,2013,14:53:38,0,
11,Jul,2013,14:54:04,0,
11,Jul,2013,14:54:39,0,
11,Jul,2013,14:55:03,0,
11,Jul,2013,14:55:39,0,
11,Jul,2013,14:56:03,0,
11,Jul,2013,14:56:39,0,
11,Jul,2013,14:57:04,0,
11,Jul,2013,14:57:39,0,
11,Jul,2013,14:58:03,0,
11,Jul,2013,14:58:40,0,
11,Jul,2013,14:59:03,0,
11,Jul,2013,14:59:39,0,
11,Jul,2013,15:00:04,0,
11,Jul,2013,15:00:39,0,
11,Jul,2013,15:01:03,0,
11,Jul,2013,15:01:39,0,
11,Jul,2013,15:02:03,0,
11,Jul,2013,15:02:39,0,
11,Jul,2013,15:03:03,0,
11,Jul,2013,15:03:39,0,
11,Jul,2013,15:04:04,0,
11,Jul,2013,15:04:39,0,
11,Jul,2013,15:05:03,0,
11,Jul,2013,15:05:39,0,
11,Jul,2013,15:06:03,0,
11,Jul,2013,15:06:39,0,
11,Jul,2013,15:07:03,0,
11,Jul,2013,15:07:40,0,
11,Jul,2013,15:08:04,0,
11,Jul,2013,15:08:40,0,
11,Jul,2013,15:09:04,0,
11,Jul,2013,15:09:40,0,
11,Jul,2013,15:10:03,0,
11,Jul,2013,15:10:39,0,
11,Jul,2013,15:11:04,0,
11,Jul,2013,15:11:39,0,
11,Jul,2013,15:12:03,0,
11,Jul,2013,15:12:39,0,
11,Jul,2013,15:13:04,0,
11,Jul,2013,15:13:39,0,
11,Jul,2013,15:14:04,0,
11,Jul,2013,15:14:40,0,
11,Jul,2013,15:15:04,0,
11,Jul,2013,15:15:39,0,
11,Jul,2013,15:16:03,0,
11,Jul,2013,15:16:39,0,
11,Jul,2013,15:17:03,0,
11,Jul,2013,15:17:40,0,
11,Jul,2013,15:18:03,0,
11,Jul,2013,15:18:39,0,
11,Jul,2013,15:19:03,0,
11,Jul,2013,15:19:39,0,
11,Jul,2013,15:20:03,0,
11,Jul,2013,15:20:39,0,
11,Jul,2013,15:21:04,0,
11,Jul,2013,15:21:40,0,
11,Jul,2013,15:22:04,0,
11,Jul,2013,15:22:39,0,
11,Jul,2013,15:23:03,0,
11,Jul,2013,15:23:39,0,
11,Jul,2013,15:24:04,0,
11,Jul,2013,15:24:39,0,
11,Jul,2013,15:25:04,0,
11,Jul,2013,15:25:39,0,
11,Jul,2013,15:26:04,0,
11,Jul,2013,15:26:39,0,
11,Jul,2013,15:27:03,0,
11,Jul,2013,15:27:39,0,
11,Jul,2013,15:28:03,0,
11,Jul,2013,15:28:39,0,
11,Jul,2013,15:29:04,0,
11,Jul,2013,15:29:40,0,
11,Jul,2013,15:30:04,0,
11,Jul,2013,15:30:40,0,
11,Jul,2013,15:31:04,0,
11,Jul,2013,15:31:39,0,
11,Jul,2013,15:32:04,0,
11,Jul,2013,15:32:40,0,
11,Jul,2013,15:33:03,0,
11,Jul,2013,15:33:39,0,
11,Jul,2013,15:34:03,0,
11,Jul,2013,15:34:40,0,
11,Jul,2013,15:35:03,0,
11,Jul,2013,15:35:39,0,
11,Jul,2013,15:36:03,0,
11,Jul,2013,15:36:39,0,
11,Jul,2013,15:37:04,0,
11,Jul,2013,15:37:40,0,
11,Jul,2013,15:38:03,0,
11,Jul,2013,15:38:39,0,
11,Jul,2013,15:39:03,0,
11,Jul,2013,15:39:39,0,
11,Jul,2013,15:40:04,0,
11,Jul,2013,15:40:40,0,
11,Jul,2013,15:41:03,0,
11,Jul,2013,15:41:39,0,
11,Jul,2013,15:42:03,0,
11,Jul,2013,15:42:39,0,
11,Jul,2013,15:43:04,0,
11,Jul,2013,15:43:40,0,
11,Jul,2013,15:44:03,0,
11,Jul,2013,15:44:39,0,
11,Jul,2013,15:45:04,0,
11,Jul,2013,15:45:42,0,
11,Jul,2013,15:46:03,0,
11,Jul,2013,15:46:40,0,
11,Jul,2013,15:47:04,0,
11,Jul,2013,15:47:40,0,
11,Jul,2013,15:48:04,0,
11,Jul,2013,15:48:40,0,
11,Jul,2013,15:49:04,0,
11,Jul,2013,15:49:39,0,
11,Jul,2013,15:50:03,0,
11,Jul,2013,15:50:40,0,
11,Jul,2013,15:51:04,0,
11,Jul,2013,15:51:40,0,
11,Jul,2013,15:52:03,0,
11,Jul,2013,15:52:40,0,
11,Jul,2013,15:53:03,0,
11,Jul,2013,15:53:39,0,
11,Jul,2013,15:54:03,0,
11,Jul,2013,15:54:39,0,
11,Jul,2013,15:55:04,0,
11,Jul,2013,15:55:40,0,
11,Jul,2013,15:56:04,0,
11,Jul,2013,15:56:40,0,
11,Jul,2013,15:57:04,0,
11,Jul,2013,15:57:40,0,
11,Jul,2013,15:58:04,0,
11,Jul,2013,15:58:40,0,
11,Jul,2013,15:59:03,0,
11,Jul,2013,15:59:39,0,
11,Jul,2013,16:00:03,0,
11,Jul,2013,16:00:39,0,
11,Jul,2013,16:01:04,0,
11,Jul,2013,16:01:40,0,
11,Jul,2013,16:02:04,0,
11,Jul,2013,16:02:40,0,
11,Jul,2013,16:03:04,0,
11,Jul,2013,16:03:40,0,
11,Jul,2013,16:04:03,0,
11,Jul,2013,16:04:39,0,
11,Jul,2013,16:05:03,0,
11,Jul,2013,16:05:39,0,
11,Jul,2013,16:07:19,0,
11,Jul,2013,16:07:55,0,
11,Jul,2013,16:08:04,0,
11,Jul,2013,16:08:39,0,
11,Jul,2013,16:09:04,0,
11,Jul,2013,16:09:40,0,
11,Jul,2013,16:10:03,0,
13,Jul,2013,01:53:41,0,
13,Jul,2013,01:54:01,0,
13,Jul,2013,01:54:20,0,
13,Jul,2013,01:54:36,0,
13,Jul,2013,01:55:02,0,
13,Jul,2013,01:55:37,0,
13,Jul,2013,01:56:02,0,
13,Jul,2013,01:56:38,0,
13,Jul,2013,01:57:02,0,
13,Jul,2013,01:57:35,0,
13,Jul,2013,01:58:02,0,
13,Jul,2013,01:58:45,0,
13,Jul,2013,01:59:02,0,
13,Jul,2013,01:59:35,0,
13,Jul,2013,02:00:02,0,
13,Jul,2013,02:00:37,0,
13,Jul,2013,02:01:02,0,
13,Jul,2013,02:01:35,0,
13,Jul,2013,02:02:02,0,
13,Jul,2013,02:02:46,0,
13,Jul,2013,02:03:02,0,
13,Jul,2013,02:03:42,0,
13,Jul,2013,02:04:01,0,
13,Jul,2013,02:04:38,0,
13,Jul,2013,02:05:02,0,
13,Jul,2013,02:05:43,0,
13,Jul,2013,02:06:02,0,
13,Jul,2013,02:06:37,0,
13,Jul,2013,02:09:02,0,
13,Jul,2013,02:09:37,0,
13,Jul,2013,02:10:03,0,
13,Jul,2013,02:10:38,0,
13,Jul,2013,02:11:04,0,
13,Jul,2013,02:56:01,0,
13,Jul,2013,02:56:04,0,
13,Jul,2013,02:56:40,0,
13,Jul,2013,02:56:44,0,
13,Jul,2013,02:57:05,0,
13,Jul,2013,02:57:45,0,
13,Jul,2013,02:58:05,0,
13,Jul,2013,02:58:51,0,
13,Jul,2013,02:59:04,0,
13,Jul,2013,03:00:04,0,
13,Jul,2013,03:00:42,3236,
13,Jul,2013,03:01:03,1600,
13,Jul,2013,03:01:18,1263,
13,Jul,2013,03:02:09,964,
13,Jul,2013,03:02:03,980,
13,Jul,2013,03:03:00,863,
13,Jul,2013,03:03:03,861,
13,Jul,2013,03:03:43,820,
13,Jul,2013,03:04:03,803,
13,Jul,2013,03:04:41,782,
13,Jul,2013,03:05:04,769,
13,Jul,2013,03:05:40,755,
13,Jul,2013,03:06:04,748,
13,Jul,2013,03:06:42,738,
13,Jul,2013,03:07:04,732,
13,Jul,2013,03:07:41,710,
13,Jul,2013,03:08:03,698,
13,Jul,2013,03:08:40,710,
13,Jul,2013,03:09:03,702,
13,Jul,2013,03:09:40,692,
13,Jul,2013,03:10:03,697,
13,Jul,2013,03:10:45,695,
13,Jul,2013,03:11:04,694,
13,Jul,2013,03:11:48,695,
13,Jul,2013,03:12:03,695,
13,Jul,2013,03:12:43,693,
13,Jul,2013,03:13:04,693,
13,Jul,2013,03:13:41,691,
13,Jul,2013,03:14:03,692,
13,Jul,2013,03:14:40,689,
13,Jul,2013,03:15:04,688,
13,Jul,2013,03:15:40,686,
13,Jul,2013,03:16:03,686,
13,Jul,2013,03:16:39,685,
13,Jul,2013,03:17:03,683,
13,Jul,2013,03:17:45,682,
13,Jul,2013,03:18:03,682,
13,Jul,2013,03:18:41,680,
13,Jul,2013,03:19:03,679,
13,Jul,2013,03:19:42,663,
13,Jul,2013,03:20:03,675,
13,Jul,2013,03:20:48,672,
13,Jul,2013,03:21:03,659,
13,Jul,2013,03:21:41,668,
13,Jul,2013,03:22:03,665,
13,Jul,2013,03:22:39,655,
13,Jul,2013,03:23:03,652,
13,Jul,2013,03:23:41,645,
13,Jul,2013,03:24:03,641,
13,Jul,2013,03:24:39,633,
13,Jul,2013,03:25:03,633,
13,Jul,2013,03:25:40,628,
13,Jul,2013,03:26:03,624,
13,Jul,2013,03:26:44,619,
13,Jul,2013,03:27:03,622,
13,Jul,2013,03:27:42,620,
13,Jul,2013,03:28:04,621,
13,Jul,2013,03:28:40,636,
13,Jul,2013,03:29:03,642,
13,Jul,2013,03:29:45,650,
13,Jul,2013,03:30:04,651,
13,Jul,2013,03:30:41,653,
13,Jul,2013,03:31:02,656,
13,Jul,2013,03:31:44,658,
13,Jul,2013,03:32:03,659,
13,Jul,2013,03:32:44,659,
13,Jul,2013,03:33:03,662,
13,Jul,2013,03:33:40,661,
13,Jul,2013,03:34:03,663,
13,Jul,2013,03:34:39,660,
13,Jul,2013,03:35:03,662,
13,Jul,2013,03:35:40,662,
13,Jul,2013,03:36:03,662,
13,Jul,2013,03:36:45,661,
13,Jul,2013,03:37:04,660,
13,Jul,2013,03:37:41,661,
13,Jul,2013,03:38:04,661,
13,Jul,2013,03:38:41,660,
13,Jul,2013,03:39:04,661,
13,Jul,2013,03:39:42,661,
13,Jul,2013,03:40:05,700,
13,Jul,2013,03:40:45,690,
13,Jul,2013,03:41:04,689,
13,Jul,2013,03:41:43,694,
13,Jul,2013,03:42:03,694,
13,Jul,2013,03:42:46,703,
13,Jul,2013,03:43:04,706,
13,Jul,2013,03:43:43,704,
13,Jul,2013,03:44:04,700,
13,Jul,2013,03:44:48,704,
13,Jul,2013,03:45:04,705,
13,Jul,2013,03:45:47,709,
13,Jul,2013,03:46:04,710,
13,Jul,2013,03:46:49,710,
13,Jul,2013,03:47:03,709,
13,Jul,2013,03:47:50,707,
13,Jul,2013,03:48:04,706,
13,Jul,2013,03:48:52,711,
13,Jul,2013,03:49:03,707,
13,Jul,2013,03:49:45,707,
13,Jul,2013,03:50:03,706,
13,Jul,2013,03:50:51,727,
13,Jul,2013,03:51:03,905,
13,Jul,2013,03:51:47,732,
13,Jul,2013,03:52:04,720,
13,Jul,2013,03:52:47,710,
13,Jul,2013,03:53:03,709,
13,Jul,2013,03:53:45,707,
13,Jul,2013,03:54:03,704,
13,Jul,2013,03:54:42,704,
13,Jul,2013,03:55:04,705,
13,Jul,2013,03:55:41,703,
13,Jul,2013,03:56:04,706,
13,Jul,2013,03:56:45,703,
13,Jul,2013,03:57:03,705,
13,Jul,2013,03:57:40,707,
13,Jul,2013,03:58:04,704,
13,Jul,2013,03:58:43,704,
13,Jul,2013,03:59:03,705,
13,Jul,2013,03:59:39,704,
13,Jul,2013,04:00:04,706,
13,Jul,2013,04:00:42,706,
13,Jul,2013,04:01:04,706,
13,Jul,2013,04:01:42,706,
13,Jul,2013,04:02:03,708,
13,Jul,2013,04:02:47,704,
13,Jul,2013,04:03:03,706,
13,Jul,2013,04:03:40,706,
13,Jul,2013,04:04:03,706,
13,Jul,2013,04:04:41,705,
13,Jul,2013,04:05:03,705,
13,Jul,2013,04:05:44,705,
13,Jul,2013,04:06:03,706,
13,Jul,2013,04:06:50,706,
13,Jul,2013,04:07:03,706,
13,Jul,2013,04:07:41,706,
13,Jul,2013,04:08:04,707,
13,Jul,2013,04:08:44,706,
13,Jul,2013,04:09:04,706,
13,Jul,2013,04:09:40,706,
13,Jul,2013,04:10:04,705,
13,Jul,2013,04:11:04,707,
13,Jul,2013,04:10:47,708,
13,Jul,2013,04:11:50,707,
13,Jul,2013,04:12:04,707,
13,Jul,2013,04:12:43,708,
13,Jul,2013,04:13:04,709,
13,Jul,2013,04:13:41,709,
13,Jul,2013,04:14:04,708,
13,Jul,2013,04:14:40,710,
13,Jul,2013,04:15:03,710,
13,Jul,2013,04:15:49,711,
13,Jul,2013,04:16:03,711,
13,Jul,2013,04:16:40,711,
13,Jul,2013,04:17:04,711,
13,Jul,2013,04:17:42,712,
13,Jul,2013,04:18:03,714,
13,Jul,2013,04:18:50,715,
13,Jul,2013,04:19:03,713,
13,Jul,2013,04:19:45,714,
13,Jul,2013,04:20:03,713,
13,Jul,2013,04:20:48,714,
13,Jul,2013,04:21:03,716,
13,Jul,2013,04:21:45,716,
13,Jul,2013,04:22:03,717,
13,Jul,2013,04:22:46,718,
13,Jul,2013,04:23:03,717,
13,Jul,2013,04:23:39,720,
13,Jul,2013,04:24:04,721,
13,Jul,2013,04:24:41,721,
13,Jul,2013,04:25:03,722,
13,Jul,2013,04:25:39,723,
13,Jul,2013,04:26:03,723,
13,Jul,2013,04:26:41,725,
13,Jul,2013,04:27:03,726,
13,Jul,2013,04:27:40,726,
13,Jul,2013,04:28:03,727,
13,Jul,2013,04:28:44,727,
13,Jul,2013,04:29:03,728,
13,Jul,2013,04:29:39,729,
13,Jul,2013,04:30:03,731,
13,Jul,2013,04:30:39,731,
13,Jul,2013,04:31:03,732,
13,Jul,2013,04:31:39,733,
13,Jul,2013,04:32:03,733,
13,Jul,2013,04:32:44,734,
13,Jul,2013,04:33:03,735,
13,Jul,2013,04:33:40,736,
13,Jul,2013,04:34:03,735,
13,Jul,2013,04:34:39,737,
13,Jul,2013,04:35:04,736,
13,Jul,2013,04:35:40,739,
13,Jul,2013,04:36:04,738,
13,Jul,2013,04:36:40,742,
13,Jul,2013,04:37:04,739,
13,Jul,2013,04:37:47,741,
13,Jul,2013,04:38:04,741,
13,Jul,2013,04:38:47,744,
13,Jul,2013,04:39:03,743,
13,Jul,2013,04:39:40,743,
13,Jul,2013,04:40:04,743,
13,Jul,2013,04:40:42,744,
13,Jul,2013,04:41:04,745,
13,Jul,2013,04:41:40,747,
13,Jul,2013,04:42:02,746,
13,Jul,2013,04:42:44,748,
13,Jul,2013,04:43:03,748,
13,Jul,2013,04:43:51,749,
13,Jul,2013,04:44:03,749,
13,Jul,2013,04:44:46,752,
13,Jul,2013,04:45:03,752,
13,Jul,2013,04:45:48,753,
13,Jul,2013,04:46:04,752,
13,Jul,2013,04:46:41,753,
13,Jul,2013,04:47:04,753,
13,Jul,2013,04:47:41,756,
13,Jul,2013,04:48:03,756,
13,Jul,2013,04:48:40,756,
13,Jul,2013,04:49:04,758,
13,Jul,2013,04:49:40,757,
13,Jul,2013,04:50:04,758,
13,Jul,2013,04:50:41,758,
13,Jul,2013,04:51:03,759,
13,Jul,2013,04:51:39,758,
13,Jul,2013,04:52:04,760,
13,Jul,2013,04:52:40,759,
13,Jul,2013,04:53:04,759,
13,Jul,2013,04:53:40,761,
13,Jul,2013,04:54:03,761,
13,Jul,2013,04:54:41,759,
13,Jul,2013,04:55:03,761,
13,Jul,2013,04:55:40,760,
13,Jul,2013,04:56:03,760,
13,Jul,2013,04:56:40,762,
13,Jul,2013,04:57:03,760,
13,Jul,2013,04:57:41,759,
13,Jul,2013,04:58:04,760,
13,Jul,2013,04:59:01,759,
13,Jul,2013,04:59:04,760,
13,Jul,2013,04:59:49,757,
13,Jul,2013,05:00:03,761,
13,Jul,2013,05:00:49,762,
13,Jul,2013,05:01:03,760,
13,Jul,2013,05:01:49,761,
13,Jul,2013,05:02:04,760,
13,Jul,2013,05:02:44,756,
13,Jul,2013,05:03:04,758,
13,Jul,2013,05:04:04,757,
13,Jul,2013,05:03:57,759,
13,Jul,2013,05:04:45,759,
13,Jul,2013,05:05:04,757,
13,Jul,2013,05:05:45,756,
13,Jul,2013,05:06:03,756,
13,Jul,2013,05:06:47,757,
13,Jul,2013,05:07:04,759,
13,Jul,2013,05:07:56,760,
13,Jul,2013,05:08:04,757,
13,Jul,2013,05:08:47,755,
13,Jul,2013,05:09:04,755,
13,Jul,2013,05:09:41,755,
13,Jul,2013,05:10:04,755,
13,Jul,2013,05:10:41,755,
13,Jul,2013,05:11:04,757,
13,Jul,2013,05:11:41,752,
13,Jul,2013,05:12:04,756,
13,Jul,2013,05:12:45,755,
13,Jul,2013,05:13:04,755,
13,Jul,2013,05:13:42,757,
13,Jul,2013,05:14:04,754,
13,Jul,2013,05:14:40,753,
13,Jul,2013,05:15:03,753,
13,Jul,2013,05:15:40,753,
13,Jul,2013,05:16:03,752,
13,Jul,2013,05:16:40,750,
13,Jul,2013,05:17:03,750,
13,Jul,2013,05:17:41,750,
13,Jul,2013,05:18:04,750,
13,Jul,2013,05:18:41,749,
13,Jul,2013,05:19:03,749,
13,Jul,2013,05:20:15,748,
13,Jul,2013,05:20:03,746,
13,Jul,2013,05:21:04,748,
13,Jul,2013,05:21:04,747,
13,Jul,2013,05:21:40,748,
13,Jul,2013,05:22:04,750,
13,Jul,2013,05:22:53,748,
13,Jul,2013,05:23:04,747,
13,Jul,2013,05:23:45,748,
13,Jul,2013,05:24:03,749,
13,Jul,2013,05:24:40,749,
13,Jul,2013,05:25:04,748,
13,Jul,2013,05:25:42,749,
13,Jul,2013,05:26:04,749,
13,Jul,2013,05:26:41,751,
13,Jul,2013,05:27:04,749,
13,Jul,2013,05:27:41,751,
13,Jul,2013,05:28:03,753,
13,Jul,2013,05:28:41,755,
13,Jul,2013,05:29:03,755,
13,Jul,2013,05:29:40,756,
13,Jul,2013,05:30:03,755,
13,Jul,2013,05:30:40,755,
13,Jul,2013,05:31:03,756,
13,Jul,2013,05:31:39,758,
13,Jul,2013,05:32:04,759,
13,Jul,2013,05:32:40,762,
13,Jul,2013,05:33:03,760,
13,Jul,2013,05:33:40,762,
13,Jul,2013,05:34:04,762,
13,Jul,2013,05:34:40,762,
13,Jul,2013,05:35:03,765,
13,Jul,2013,05:35:40,766,
13,Jul,2013,05:36:04,767,
13,Jul,2013,05:36:41,768,
13,Jul,2013,05:37:03,768,
13,Jul,2013,05:37:46,769,
13,Jul,2013,05:38:03,769,
13,Jul,2013,05:38:40,769,
13,Jul,2013,05:39:03,768,
13,Jul,2013,05:39:45,768,
13,Jul,2013,05:40:03,768,
13,Jul,2013,05:40:45,770,
13,Jul,2013,05:41:04,770,
13,Jul,2013,05:41:47,770,
13,Jul,2013,05:42:04,771,
13,Jul,2013,05:42:40,771,
13,Jul,2013,05:43:04,771,
13,Jul,2013,05:43:41,773,
13,Jul,2013,05:44:03,773,
13,Jul,2013,05:44:43,774,
13,Jul,2013,05:45:04,772,
13,Jul,2013,05:45:46,775,
13,Jul,2013,05:46:04,775,
13,Jul,2013,05:46:50,776,
13,Jul,2013,05:47:04,774,
13,Jul,2013,05:47:43,773,
13,Jul,2013,05:48:04,775,
13,Jul,2013,05:48:41,776,
13,Jul,2013,05:49:04,776,
13,Jul,2013,05:50:02,777,
13,Jul,2013,05:50:05,777,
13,Jul,2013,05:50:43,778,
13,Jul,2013,05:51:04,778,
13,Jul,2013,05:51:41,776,
13,Jul,2013,05:52:03,775,
13,Jul,2013,05:53:04,774,
13,Jul,2013,05:52:56,776,
13,Jul,2013,05:53:49,776,
13,Jul,2013,05:54:03,776,
13,Jul,2013,05:54:50,777,
13,Jul,2013,05:55:03,778,
13,Jul,2013,05:55:41,778,
13,Jul,2013,05:56:04,778,
13,Jul,2013,05:56:57,777,
13,Jul,2013,05:57:04,778,
13,Jul,2013,05:57:47,777,
13,Jul,2013,05:58:03,777,
13,Jul,2013,05:58:41,777,
13,Jul,2013,05:59:03,778,
13,Jul,2013,05:59:45,777,
13,Jul,2013,06:00:03,775,
13,Jul,2013,06:00:46,775,
13,Jul,2013,06:01:04,775,
13,Jul,2013,06:01:55,775,
13,Jul,2013,06:02:03,775,
13,Jul,2013,06:03:04,774,
13,Jul,2013,06:03:14,774,
13,Jul,2013,06:03:53,773,
13,Jul,2013,06:04:04,772,
13,Jul,2013,06:04:55,773,
13,Jul,2013,06:05:04,773,
13,Jul,2013,06:05:47,772,
13,Jul,2013,06:06:04,775,
13,Jul,2013,06:06:44,773,
13,Jul,2013,06:07:03,773,
13,Jul,2013,06:07:53,770,
13,Jul,2013,06:08:03,771,
13,Jul,2013,06:08:51,769,
13,Jul,2013,06:09:03,766,
13,Jul,2013,06:09:42,767,
13,Jul,2013,06:10:04,767,
13,Jul,2013,06:10:41,765,
13,Jul,2013,06:11:04,764,
13,Jul,2013,06:11:40,763,
13,Jul,2013,06:12:04,762,
13,Jul,2013,06:12:42,764,
13,Jul,2013,06:13:04,762,
13,Jul,2013,06:13:41,764,
13,Jul,2013,06:14:04,764,
13,Jul,2013,06:14:40,763,
13,Jul,2013,06:15:04,764,
13,Jul,2013,06:15:43,764,
13,Jul,2013,06:16:04,763,
13,Jul,2013,06:16:43,764,
13,Jul,2013,06:17:03,764,
13,Jul,2013,06:17:56,764,
13,Jul,2013,06:18:03,763,
13,Jul,2013,06:18:54,762,
13,Jul,2013,06:19:04,761,
13,Jul,2013,06:19:47,761,
13,Jul,2013,06:20:04,760,
13,Jul,2013,06:20:54,760,
13,Jul,2013,06:21:05,759,
13,Jul,2013,06:21:43,760,
13,Jul,2013,06:22:03,760,
13,Jul,2013,06:22:40,758,
13,Jul,2013,06:23:03,759,
13,Jul,2013,06:23:40,760,
13,Jul,2013,06:24:04,759,
13,Jul,2013,06:24:47,758,
13,Jul,2013,06:25:04,756,
13,Jul,2013,06:25:44,758,
13,Jul,2013,06:26:03,756,
13,Jul,2013,06:26:40,755,
13,Jul,2013,06:27:04,755,
13,Jul,2013,06:27:41,755,
13,Jul,2013,06:28:04,753,
13,Jul,2013,06:28:40,753,
13,Jul,2013,06:29:03,753,
13,Jul,2013,06:29:41,753,
13,Jul,2013,06:30:04,751,
13,Jul,2013,06:30:47,750,
13,Jul,2013,06:31:04,748,
13,Jul,2013,06:31:41,747,
13,Jul,2013,06:32:03,749,
13,Jul,2013,06:32:46,748,
13,Jul,2013,06:33:04,748,
13,Jul,2013,06:33:41,746,
13,Jul,2013,06:34:03,746,
13,Jul,2013,06:34:44,748,
13,Jul,2013,06:35:04,749,
13,Jul,2013,06:35:40,752,
13,Jul,2013,06:36:03,751,
13,Jul,2013,06:36:40,748,
13,Jul,2013,06:37:03,744,
13,Jul,2013,06:37:41,744,
13,Jul,2013,06:38:04,747,
13,Jul,2013,06:38:40,748,
13,Jul,2013,06:39:04,744,
13,Jul,2013,06:39:40,747,
13,Jul,2013,06:40:03,747,
13,Jul,2013,06:40:40,743,
13,Jul,2013,06:41:04,748,
13,Jul,2013,06:41:40,743,
13,Jul,2013,06:42:04,742,
13,Jul,2013,06:42:55,741,
13,Jul,2013,06:43:04,742,
13,Jul,2013,06:43:40,740,
13,Jul,2013,06:44:04,739,
13,Jul,2013,06:44:40,737,
13,Jul,2013,06:45:03,739,
13,Jul,2013,06:45:45,737,
13,Jul,2013,06:46:03,739,
13,Jul,2013,06:46:39,736,
13,Jul,2013,06:47:04,737,
13,Jul,2013,06:47:40,735,
13,Jul,2013,06:48:03,735,
13,Jul,2013,06:48:40,736,
13,Jul,2013,06:49:04,736,
13,Jul,2013,06:49:40,735,
13,Jul,2013,06:50:03,735,
13,Jul,2013,06:50:39,735,
13,Jul,2013,06:51:04,735,
13,Jul,2013,06:51:46,735,
13,Jul,2013,06:52:04,736,
13,Jul,2013,06:52:40,736,
13,Jul,2013,06:53:04,736,
13,Jul,2013,06:53:41,736,
13,Jul,2013,06:54:04,735,
13,Jul,2013,06:54:41,737,
13,Jul,2013,06:55:04,737,
13,Jul,2013,06:55:41,738,
13,Jul,2013,06:56:04,737,
13,Jul,2013,06:56:42,736,
13,Jul,2013,06:57:04,736,
13,Jul,2013,06:57:42,737,
13,Jul,2013,06:58:04,737,
13,Jul,2013,06:58:40,736,
13,Jul,2013,06:59:03,736,
13,Jul,2013,06:59:41,737,
13,Jul,2013,07:00:04,736,
13,Jul,2013,07:00:41,737,
13,Jul,2013,07:01:03,734,
13,Jul,2013,07:01:40,736,
13,Jul,2013,07:02:03,737,
13,Jul,2013,07:02:40,735,
13,Jul,2013,07:03:04,735,
13,Jul,2013,07:03:40,735,
13,Jul,2013,07:04:04,735,
13,Jul,2013,07:04:41,735,
13,Jul,2013,07:05:03,734,
13,Jul,2013,07:05:40,735,
13,Jul,2013,07:06:03,735,
13,Jul,2013,07:06:45,734,
13,Jul,2013,07:07:04,736,
13,Jul,2013,07:07:45,735,
13,Jul,2013,07:08:04,736,
13,Jul,2013,07:08:50,735,
13,Jul,2013,07:09:03,739,
13,Jul,2013,07:09:41,735,
13,Jul,2013,07:10:03,736,
13,Jul,2013,07:10:40,734,
13,Jul,2013,07:11:04,737,
13,Jul,2013,07:11:41,735,
13,Jul,2013,07:12:04,736,
13,Jul,2013,07:12:40,736,
13,Jul,2013,07:13:04,736,
13,Jul,2013,07:13:41,735,
13,Jul,2013,07:14:04,737,
13,Jul,2013,07:14:46,737,
13,Jul,2013,07:15:04,738,
13,Jul,2013,07:15:40,735,
13,Jul,2013,07:16:04,735,
13,Jul,2013,07:16:42,735,
13,Jul,2013,07:17:03,734,
13,Jul,2013,07:17:40,736,
13,Jul,2013,07:18:03,738,
13,Jul,2013,07:18:40,737,
13,Jul,2013,07:19:03,739,
13,Jul,2013,07:19:46,739,
13,Jul,2013,07:20:03,741,
13,Jul,2013,07:20:48,738,
13,Jul,2013,07:21:03,738,
13,Jul,2013,07:21:42,737,
13,Jul,2013,07:22:03,737,
13,Jul,2013,07:22:40,738,
13,Jul,2013,07:23:04,737,
13,Jul,2013,07:23:47,738,
13,Jul,2013,07:24:04,739,
13,Jul,2013,07:24:41,738,
13,Jul,2013,07:25:04,739,
13,Jul,2013,07:25:41,738,
13,Jul,2013,07:26:03,737,
13,Jul,2013,07:26:54,741,
13,Jul,2013,07:27:02,741,
13,Jul,2013,07:27:46,736,
13,Jul,2013,07:28:04,735,
13,Jul,2013,07:28:42,734,
13,Jul,2013,07:29:04,736,
13,Jul,2013,07:29:52,742,
13,Jul,2013,07:30:04,744,
13,Jul,2013,07:31:04,744,
13,Jul,2013,07:30:58,745,
13,Jul,2013,07:31:41,743,
13,Jul,2013,07:32:03,750,
13,Jul,2013,07:32:58,745,
13,Jul,2013,07:33:03,746,
13,Jul,2013,07:33:53,753,
13,Jul,2013,07:34:04,750,
13,Jul,2013,07:34:41,746,
13,Jul,2013,07:35:03,749,
13,Jul,2013,07:35:40,746,
13,Jul,2013,07:36:03,746,
13,Jul,2013,07:36:39,745,
13,Jul,2013,07:37:04,742,
13,Jul,2013,07:37:51,738,
13,Jul,2013,07:38:04,746,
13,Jul,2013,07:38:42,747,
13,Jul,2013,07:39:03,747,
13,Jul,2013,07:39:42,752,
13,Jul,2013,07:40:04,750,
13,Jul,2013,07:40:40,751,
13,Jul,2013,07:41:04,993,
13,Jul,2013,07:41:45,1136,
13,Jul,2013,07:42:03,1074,
13,Jul,2013,07:42:46,1096,
13,Jul,2013,07:43:04,1022,
13,Jul,2013,07:43:41,1021,
13,Jul,2013,07:44:03,1009,
13,Jul,2013,07:44:39,969,
13,Jul,2013,07:45:03,967,
13,Jul,2013,07:45:46,941,
13,Jul,2013,07:46:04,953,
13,Jul,2013,07:46:40,960,
13,Jul,2013,07:47:03,956,
13,Jul,2013,07:47:45,965,
13,Jul,2013,07:48:04,948,
13,Jul,2013,07:48:41,921,
13,Jul,2013,07:49:04,929,
13,Jul,2013,07:49:53,926,
13,Jul,2013,07:50:04,930,
13,Jul,2013,07:50:46,875,
13,Jul,2013,07:51:04,892,
13,Jul,2013,07:51:47,886,
13,Jul,2013,07:52:04,876,
13,Jul,2013,07:52:41,861,
13,Jul,2013,07:53:04,857,
13,Jul,2013,07:53:48,877,
13,Jul,2013,07:54:04,877,
13,Jul,2013,07:54:53,872,
13,Jul,2013,07:55:03,875,
13,Jul,2013,07:55:47,835,
13,Jul,2013,07:56:04,827,
13,Jul,2013,07:56:52,849,
13,Jul,2013,07:57:04,850,
13,Jul,2013,07:57:46,831,
13,Jul,2013,07:58:04,827,
13,Jul,2013,07:58:46,816,
13,Jul,2013,07:59:04,818,
13,Jul,2013,07:59:41,824,
13,Jul,2013,08:00:04,818,
13,Jul,2013,08:00:42,799,
13,Jul,2013,08:01:04,806,
13,Jul,2013,08:01:41,794,
13,Jul,2013,08:02:04,799,
13,Jul,2013,08:02:42,810,
13,Jul,2013,08:03:04,815,
13,Jul,2013,08:04:04,810,
13,Jul,2013,08:03:41,812,
13,Jul,2013,08:04:45,793,
13,Jul,2013,08:05:04,799,
13,Jul,2013,08:05:48,781,
13,Jul,2013,08:06:04,778,
13,Jul,2013,08:06:47,776,
13,Jul,2013,08:07:04,767,
13,Jul,2013,08:07:42,772,
13,Jul,2013,08:08:04,765,
13,Jul,2013,08:08:40,758,
13,Jul,2013,08:09:04,762,
13,Jul,2013,08:09:40,757,
13,Jul,2013,08:10:04,758,
13,Jul,2013,08:10:52,759,
13,Jul,2013,08:11:04,759,
13,Jul,2013,08:11:45,766,
13,Jul,2013,08:12:04,761,
13,Jul,2013,08:12:41,755,
13,Jul,2013,08:13:03,759,
13,Jul,2013,08:13:46,780,
13,Jul,2013,08:14:03,772,
13,Jul,2013,08:14:48,769,
13,Jul,2013,08:15:04,767,
13,Jul,2013,08:15:41,766,
13,Jul,2013,08:16:04,771,
13,Jul,2013,08:16:40,768,
13,Jul,2013,08:17:04,773,
13,Jul,2013,08:17:40,769,
13,Jul,2013,08:18:04,767,
13,Jul,2013,08:18:40,759,
13,Jul,2013,08:19:04,759,
13,Jul,2013,08:19:40,762,
13,Jul,2013,08:20:03,757,
13,Jul,2013,08:20:44,757,
13,Jul,2013,08:21:03,761,
13,Jul,2013,08:21:39,753,
13,Jul,2013,08:22:04,754,
13,Jul,2013,08:22:40,760,
13,Jul,2013,08:23:03,764,
13,Jul,2013,08:23:40,767,
13,Jul,2013,08:24:03,779,
13,Jul,2013,08:24:39,771,
13,Jul,2013,08:25:03,768,
13,Jul,2013,08:25:40,757,
13,Jul,2013,08:26:04,760,
13,Jul,2013,08:26:40,759,
13,Jul,2013,08:27:03,756,
13,Jul,2013,08:27:39,759,
13,Jul,2013,08:28:03,764,
13,Jul,2013,08:28:40,763,
13,Jul,2013,08:29:03,762,
13,Jul,2013,08:29:46,765,
13,Jul,2013,08:30:03,762,
13,Jul,2013,08:31:03,758,
13,Jul,2013,08:31:00,757,
13,Jul,2013,08:31:42,762,
13,Jul,2013,08:32:03,759,
13,Jul,2013,08:32:47,755,
13,Jul,2013,08:33:03,760,
13,Jul,2013,08:33:46,755,
13,Jul,2013,08:34:03,757,
13,Jul,2013,08:34:49,758,
13,Jul,2013,08:35:04,758,
13,Jul,2013,08:35:46,755,
13,Jul,2013,08:36:03,752,
13,Jul,2013,08:36:41,752,
13,Jul,2013,08:37:04,754,
13,Jul,2013,08:37:47,749,
13,Jul,2013,08:38:04,761,
13,Jul,2013,08:38:40,746,
13,Jul,2013,08:39:04,749,
13,Jul,2013,08:39:40,748,
13,Jul,2013,08:40:03,752,
13,Jul,2013,08:40:41,762,
13,Jul,2013,08:41:04,760,
13,Jul,2013,08:41:40,757,
13,Jul,2013,08:42:04,755,
13,Jul,2013,08:42:46,758,
13,Jul,2013,08:43:03,755,
13,Jul,2013,08:43:41,751,
13,Jul,2013,08:44:04,755,
13,Jul,2013,08:44:40,752,
13,Jul,2013,08:45:04,755,
13,Jul,2013,08:45:40,749,
13,Jul,2013,08:46:04,750,
13,Jul,2013,08:46:46,748,
13,Jul,2013,08:47:04,749,
13,Jul,2013,08:47:40,744,
13,Jul,2013,08:48:03,742,
13,Jul,2013,08:48:39,749,
13,Jul,2013,08:49:04,745,
13,Jul,2013,08:49:40,745,
13,Jul,2013,08:50:03,748,
13,Jul,2013,08:50:41,752,
13,Jul,2013,08:51:03,747,
13,Jul,2013,08:51:39,747,
13,Jul,2013,08:52:03,747,
13,Jul,2013,08:52:39,752,
13,Jul,2013,08:53:03,750,
13,Jul,2013,08:53:40,753,
13,Jul,2013,08:54:04,752,
13,Jul,2013,08:54:52,747,
13,Jul,2013,08:55:04,746,
13,Jul,2013,08:55:41,748,
13,Jul,2013,08:56:03,746,
13,Jul,2013,08:56:47,751,
13,Jul,2013,08:57:03,753,
13,Jul,2013,08:57:44,749,
13,Jul,2013,08:58:03,751,
13,Jul,2013,08:58:39,747,
13,Jul,2013,08:59:03,747,
13,Jul,2013,08:59:39,749,
13,Jul,2013,09:00:03,752,
13,Jul,2013,09:00:40,748,
13,Jul,2013,09:01:03,750,
13,Jul,2013,09:01:39,745,
13,Jul,2013,09:02:04,746,
13,Jul,2013,09:02:40,748,
13,Jul,2013,09:03:03,749,
13,Jul,2013,09:03:39,750,
13,Jul,2013,09:04:03,749,
13,Jul,2013,09:04:39,752,
13,Jul,2013,09:05:03,749,
13,Jul,2013,09:05:40,749,
13,Jul,2013,09:06:04,751,
13,Jul,2013,09:06:45,751,
13,Jul,2013,09:07:04,750,
13,Jul,2013,09:07:45,749,
13,Jul,2013,09:08:03,751,
13,Jul,2013,09:08:40,749,
13,Jul,2013,09:09:04,757,
13,Jul,2013,09:09:40,750,
13,Jul,2013,09:10:03,755,
13,Jul,2013,09:10:39,750,
13,Jul,2013,09:11:03,752,
13,Jul,2013,09:11:40,745,
13,Jul,2013,09:12:03,745,
13,Jul,2013,09:12:44,746,
13,Jul,2013,09:13:03,748,
13,Jul,2013,09:13:40,746,
13,Jul,2013,09:14:04,742,
13,Jul,2013,09:14:40,743,
13,Jul,2013,09:15:03,752,
13,Jul,2013,09:15:39,741,
13,Jul,2013,09:16:03,748,
13,Jul,2013,09:16:39,744,
13,Jul,2013,09:17:03,741,
13,Jul,2013,09:17:40,745,
13,Jul,2013,09:18:04,740,
13,Jul,2013,09:18:41,738,
13,Jul,2013,09:19:04,741,
13,Jul,2013,09:19:40,746,
13,Jul,2013,09:20:03,745,
13,Jul,2013,09:20:39,745,
13,Jul,2013,09:21:04,748,
13,Jul,2013,09:21:40,745,
13,Jul,2013,09:22:04,747,
13,Jul,2013,09:22:40,749,
13,Jul,2013,09:23:03,750,
13,Jul,2013,09:23:39,749,
13,Jul,2013,09:24:03,752,
13,Jul,2013,09:24:39,749,
13,Jul,2013,09:25:03,750,
13,Jul,2013,09:25:39,749,
13,Jul,2013,09:26:03,755,
13,Jul,2013,09:26:42,751,
13,Jul,2013,09:27:04,750,
13,Jul,2013,09:27:45,749,
13,Jul,2013,09:28:03,751,
13,Jul,2013,09:28:40,748,
13,Jul,2013,09:29:04,748,
13,Jul,2013,09:29:42,754,
13,Jul,2013,09:30:03,746,
13,Jul,2013,09:30:41,747,
13,Jul,2013,09:31:04,747,
13,Jul,2013,09:31:46,746,
13,Jul,2013,09:32:04,749,
13,Jul,2013,09:32:40,754,
13,Jul,2013,09:33:03,747,
13,Jul,2013,09:33:40,753,
13,Jul,2013,09:34:04,750,
13,Jul,2013,09:34:40,749,
13,Jul,2013,09:35:04,751,
13,Jul,2013,09:35:41,751,
13,Jul,2013,09:36:03,749,
13,Jul,2013,09:36:40,750,
13,Jul,2013,09:37:04,753,
13,Jul,2013,09:37:40,749,
13,Jul,2013,09:38:03,750,
13,Jul,2013,09:38:43,752,
13,Jul,2013,09:39:02,753,
13,Jul,2013,09:39:49,753,
13,Jul,2013,09:40:03,748,
13,Jul,2013,09:40:46,747,
13,Jul,2013,09:41:03,748,
13,Jul,2013,09:41:39,749,
13,Jul,2013,09:42:03,753,
13,Jul,2013,09:42:40,754,
13,Jul,2013,09:43:03,753,
13,Jul,2013,09:43:40,753,
13,Jul,2013,09:44:03,757,
13,Jul,2013,09:44:42,753,
13,Jul,2013,09:45:04,750,
13,Jul,2013,09:45:42,767,
13,Jul,2013,09:46:04,749,
13,Jul,2013,09:46:42,749,
13,Jul,2013,09:47:04,752,
13,Jul,2013,09:47:47,751,
13,Jul,2013,09:48:04,759,
13,Jul,2013,09:48:41,750,
13,Jul,2013,09:49:04,752,
13,Jul,2013,09:49:44,751,
13,Jul,2013,09:50:04,750,
13,Jul,2013,09:50:40,757,
13,Jul,2013,09:51:03,751,
13,Jul,2013,09:51:40,754,
13,Jul,2013,09:52:04,748,
13,Jul,2013,09:52:42,751,
13,Jul,2013,09:53:04,759,
13,Jul,2013,09:53:40,746,
13,Jul,2013,09:54:04,749,
13,Jul,2013,09:54:41,751,
13,Jul,2013,09:55:04,751,
13,Jul,2013,09:55:41,749,
13,Jul,2013,09:56:03,751,
13,Jul,2013,09:56:39,750,
13,Jul,2013,09:57:03,754,
13,Jul,2013,09:57:39,748,
13,Jul,2013,09:58:03,749,
13,Jul,2013,09:58:44,749,
13,Jul,2013,09:59:05,749,
13,Jul,2013,09:59:40,750,
13,Jul,2013,10:00:04,749,
13,Jul,2013,10:00:42,750,
13,Jul,2013,10:01:04,747,
13,Jul,2013,10:01:40,750,
13,Jul,2013,10:02:03,746,
13,Jul,2013,10:02:40,748,
13,Jul,2013,10:03:04,748,
13,Jul,2013,10:03:41,746,
13,Jul,2013,10:04:04,754,
13,Jul,2013,10:04:46,750,
13,Jul,2013,10:05:04,744,
13,Jul,2013,10:05:41,747,
13,Jul,2013,10:06:04,747,
13,Jul,2013,10:06:40,750,
13,Jul,2013,10:07:04,751,
13,Jul,2013,10:07:42,756,
13,Jul,2013,10:08:04,750,
13,Jul,2013,10:08:42,750,
13,Jul,2013,10:09:04,758,
13,Jul,2013,10:09:44,754,
13,Jul,2013,10:10:03,753,
13,Jul,2013,10:10:40,751,
13,Jul,2013,10:11:04,752,
13,Jul,2013,10:11:41,750,
13,Jul,2013,10:12:04,750,
13,Jul,2013,10:12:41,746,
13,Jul,2013,10:13:04,746,
13,Jul,2013,10:13:40,747,
13,Jul,2013,10:14:03,747,
13,Jul,2013,10:14:40,752,
13,Jul,2013,10:15:03,750,
13,Jul,2013,10:15:39,750,
13,Jul,2013,10:16:03,749,
13,Jul,2013,10:16:39,755,
13,Jul,2013,10:17:04,751,
13,Jul,2013,10:17:40,753,
13,Jul,2013,10:18:03,750,
13,Jul,2013,10:18:40,751,
13,Jul,2013,10:19:03,754,
13,Jul,2013,10:19:40,755,
13,Jul,2013,10:20:04,745,
13,Jul,2013,10:20:40,752,
13,Jul,2013,10:21:04,749,
13,Jul,2013,10:21:40,753,
13,Jul,2013,10:22:03,751,
13,Jul,2013,10:22:40,751,
13,Jul,2013,10:23:03,754,
13,Jul,2013,10:23:40,755,
13,Jul,2013,10:24:04,752,
13,Jul,2013,10:24:43,746,
13,Jul,2013,10:25:04,759,
13,Jul,2013,10:25:43,757,
13,Jul,2013,10:26:03,758,
13,Jul,2013,10:26:40,774,
13,Jul,2013,10:27:04,762,
13,Jul,2013,10:27:43,753,
13,Jul,2013,10:28:04,752,
13,Jul,2013,10:28:40,749,
13,Jul,2013,10:29:04,748,
13,Jul,2013,10:29:45,751,
13,Jul,2013,10:30:03,752,
13,Jul,2013,10:30:48,748,
13,Jul,2013,10:31:03,752,
13,Jul,2013,10:31:45,751,
13,Jul,2013,10:32:04,757,
13,Jul,2013,10:35:13,730,
13,Jul,2013,10:35:50,734,
13,Jul,2013,10:36:04,726,
13,Jul,2013,10:36:41,731,
13,Jul,2013,10:37:04,731,
13,Jul,2013,10:37:42,738,
13,Jul,2013,10:38:03,733,
13,Jul,2013,10:38:40,746,
13,Jul,2013,10:39:03,738,
13,Jul,2013,10:39:40,736,
